time;;specimen_id;genus;growth (mm)
Oligocene;Oligocene reef front;SC1;Actinacis;6,64
Oligocene;Oligocene reef front;SC1;Actinacis;0,25
Oligocene;Oligocene reef front;SC1;Actinacis;7,05
Oligocene;Oligocene reef front;SC1;Actinacis;7,67
Oligocene;Oligocene reef front;SC1;Actinacis;5,71
Oligocene;Oligocene reef front;SC1;Actinacis;6,07
Oligocene;Oligocene reef front;SC1;Actinacis;8,02
Oligocene;Oligocene reef front;SC1;Actinacis;4,89
Oligocene;Oligocene reef front;SC1;Actinacis;9,82
Oligocene;Oligocene reef front;SC1;Actinacis;9,3
Oligocene;Oligocene reef front;SC1;Actinacis;11,05
Oligocene;Oligocene reef front;SC1;Actinacis;7,6
Oligocene;Oligocene reef front;SC1;Actinacis;6,82
Oligocene;Oligocene reef front;SC1;Actinacis;6,88
Oligocene;Oligocene reef front;SC1;Actinacis;8,55
Oligocene;Oligocene reef front;SC1;Actinacis;5,88
Oligocene;Oligocene reef front;SC1;Actinacis;5,86
Oligocene;Oligocene reef front;SC1;Actinacis;5,53
Oligocene;Oligocene reef front;SC1;Actinacis;5,7
Oligocene;Oligocene reef front;SC1;Actinacis;4,59
Oligocene;Oligocene reef front;SC1;Actinacis;2,52
Oligocene;Oligocene reef front;SC1;Actinacis;2,5
Oligocene;Oligocene reef front;SC1;Actinacis;2,29
Oligocene;Oligocene reef front;SC1;Actinacis;2,28
Oligocene;Oligocene reef front;SC1;Actinacis;2,44
Oligocene;Oligocene reef front;SC1;Actinacis;2,45
Oligocene;Oligocene reef front;SC1;Actinacis;3,36
Oligocene;Oligocene reef front;SC1;Actinacis;4,78
Oligocene;Oligocene reef front;SC1;Actinacis;4,04
Oligocene;Oligocene reef front;SC1;Actinacis;5,35
Oligocene;Oligocene reef front;SC1;Actinacis;5,39
Oligocene;Oligocene reef front;SC1;Actinacis;4,23
Oligocene;Oligocene reef front;SC1;Actinacis;5,4
Oligocene;Oligocene reef front;SC1;Actinacis;6,29
Oligocene;Oligocene reef front;SC1;Actinacis;5,58
Oligocene;Oligocene reef front;SC1;Actinacis;6,66
Oligocene;Oligocene reef front;SC1;Actinacis;3,11
Oligocene;Oligocene reef front;SC1;Actinacis;3,98
Oligocene;Oligocene reef front;SC1;Actinacis;2,97
Oligocene;Oligocene reef front;SC1;Actinacis;7,94
Oligocene;Oligocene reef front;SC1;Actinacis;5,4
Oligocene;Oligocene reef front;SC1;Actinacis;6,93
Oligocene;Oligocene reef front;SC1;Actinacis;5,54
Oligocene;Oligocene reef front;SC1;Actinacis;7,53
Oligocene;Oligocene reef front;SC1;Actinacis;10,36
Oligocene;Oligocene reef front;SC1;Actinacis;11,16
Oligocene;Oligocene reef front;SC1;Actinacis;5,2
Oligocene;Oligocene reef front;SC1;Actinacis;5,59
Oligocene;Oligocene reef front;SC1;Actinacis;7,07
Oligocene;Oligocene reef front;SC1;Actinacis;4,26
Oligocene;Oligocene reef front;SC1;Actinacis;6,43
Oligocene;Oligocene reef front;SC1;Actinacis;6,92
Oligocene;Oligocene reef front;SC1;Actinacis;7,56
Oligocene;Oligocene reef front;SC1;Actinacis;6,12
Oligocene;Oligocene reef front;SC1;Actinacis;5,07
Oligocene;Oligocene reef front;SC1;Actinacis;6,14
Oligocene;Oligocene reef front;SC1;Actinacis;5,58
Oligocene;Oligocene reef front;SC1;Actinacis;8,88
Oligocene;Oligocene reef front;SC1;Actinacis;9,02
Oligocene;Oligocene reef front;SC1;Actinacis;4,84
Oligocene;Oligocene reef front;SC1;Actinacis;8,16
Oligocene;Oligocene reef front;SC1;Actinacis;2,24
Oligocene;Oligocene reef front;SC1;Actinacis;1,86
Oligocene;Oligocene reef front;SC1;Actinacis;2,63
Oligocene;Oligocene reef front;SC1;Actinacis;1,75
Oligocene;Oligocene reef front;SC1;Actinacis;3,1
Oligocene;Oligocene reef front;SC1;Actinacis;1,2
Oligocene;Oligocene reef front;SC1;Actinacis;2,11
Oligocene;Oligocene reef front;SC1;Actinacis;4,12
Oligocene;Oligocene reef front;SC1;Actinacis;5,7
Oligocene;Oligocene reef front;SC1;Actinacis;3,61
Oligocene;Oligocene reef front;SC1;Actinacis;3,35
Oligocene;Oligocene reef front;SC1;Actinacis;6,65
Oligocene;Oligocene reef front;SC2;Poriticae;1,1
Oligocene;Oligocene reef front;SC2;Poriticae;1,5
Oligocene;Oligocene reef front;SC2;Poriticae;2,81
Oligocene;Oligocene reef front;SC2;Poriticae;2,82
Oligocene;Oligocene reef front;SC2;Poriticae;3,07
Oligocene;Oligocene reef front;SC2;Poriticae;3,1
Oligocene;Oligocene reef front;SC2;Poriticae;3,38
Oligocene;Oligocene reef front;SC2;Poriticae;3,28
Oligocene;Oligocene reef front;SC2;Poriticae;3,6
Oligocene;Oligocene reef front;SC2;Poriticae;4,09
Oligocene;Oligocene reef front;SC2;Poriticae;2,12
Oligocene;Oligocene reef front;SC2;Poriticae;6,73
Oligocene;Oligocene reef front;SC2;Poriticae;2,86
Oligocene;Oligocene reef front;SC2;Poriticae;1,77
Oligocene;Oligocene reef front;SC2;Poriticae;1,24
Oligocene;Oligocene reef front;SC2;Poriticae;2,09
Oligocene;Oligocene reef front;SC2;Poriticae;1,61
Oligocene;Oligocene reef front;SC2;Poriticae;2,26
Oligocene;Oligocene reef front;SC2;Poriticae;3,09
Oligocene;Oligocene reef front;SC2;Poriticae;1,78
Oligocene;Oligocene reef front;SC2;Poriticae;2,24
Oligocene;Oligocene reef front;SC2;Poriticae;2,12
Oligocene;Oligocene reef front;SC2;Poriticae;1,94
Oligocene;Oligocene reef front;SC2;Poriticae;2,31
Oligocene;Oligocene reef front;SC2;Poriticae;1,96
Oligocene;Oligocene reef front;SC2;Poriticae;1,79
Oligocene;Oligocene reef front;SC2;Poriticae;1,72
Oligocene;Oligocene reef front;SC2;Poriticae;3,16
Oligocene;Oligocene reef front;SC2;Poriticae;2,88
Oligocene;Oligocene reef front;SC2;Poriticae;3,18
Oligocene;Oligocene reef front;SC2;Poriticae;2,68
Oligocene;Oligocene reef front;SC2;Poriticae;2,06
Oligocene;Oligocene reef front;SC2;Poriticae;3,79
Oligocene;Oligocene reef front;SC2;Poriticae;2,98
Oligocene;Oligocene reef front;SC2;Poriticae;2,87
Oligocene;Oligocene reef front;SC2;Poriticae;3,67
Oligocene;Oligocene reef front;SC2;Poriticae;7,01
Oligocene;Oligocene reef front;SC2;Poriticae;4,14
Oligocene;Oligocene reef front;SC2;Poriticae;6,63
Oligocene;Oligocene reef front;SC2;Poriticae;2,66
Oligocene;Oligocene reef front;SC2;Poriticae;1,36
Oligocene;Oligocene reef front;SC2;Poriticae;2,99
Oligocene;Oligocene reef front;SC2;Poriticae;1,89
Oligocene;Oligocene reef front;SC2;Poriticae;2,23
Oligocene;Oligocene reef front;SC2;Poriticae;1,94
Oligocene;Oligocene reef front;SC2;Poriticae;2,73
Oligocene;Oligocene reef front;SC2;Poriticae;1,17
Oligocene;Oligocene reef front;SC2;Poriticae;3,18
Oligocene;Oligocene reef front;SC2;Poriticae;5,09
Oligocene;Oligocene reef front;SC2;Poriticae;3,47
Oligocene;Oligocene reef front;SC2;Poriticae;6,7
Oligocene;Oligocene reef front;SC2;Poriticae;4,34
Oligocene;Oligocene reef front;SC2;Poriticae;3,19
Oligocene;Oligocene reef front;SC2;Poriticae;2,18
Oligocene;Oligocene reef front;SC2;Poriticae;1,2
Oligocene;Oligocene reef front;SC2;Poriticae;3,11
Oligocene;Oligocene reef front;SC2;Poriticae;2,41
Oligocene;Oligocene reef front;SC2;Poriticae;3,72
Oligocene;Oligocene reef front;SC2;Poriticae;2,67
Oligocene;Oligocene reef front;SC2;Poriticae;3,21
Oligocene;Oligocene reef front;SC2;Poriticae;5,26
Oligocene;Oligocene reef front;SC2;Poriticae;3,09
Oligocene;Oligocene reef front;SC2;Poriticae;5,84
Oligocene;Oligocene reef front;SC3;Poriticae;3,48
Oligocene;Oligocene reef front;SC3;Poriticae;5,26
Oligocene;Oligocene reef front;SC3;Poriticae;6,3
Oligocene;Oligocene reef front;SC3;Poriticae;5,29
Oligocene;Oligocene reef front;SC3;Poriticae;5,84
Oligocene;Oligocene reef front;SC3;Poriticae;3,48
Oligocene;Oligocene reef front;SC3;Poriticae;3,19
Oligocene;Oligocene reef front;SC3;Poriticae;1,77
Oligocene;Oligocene reef front;SC3;Poriticae;1,92
Oligocene;Oligocene reef front;SC3;Poriticae;1,66
Oligocene;Oligocene reef front;SC3;Poriticae;3,55
Oligocene;Oligocene reef front;SC3;Poriticae;4,1
Oligocene;Oligocene reef front;SC3;Poriticae;3,36
Oligocene;Oligocene reef front;SC3;Poriticae;3,62
Oligocene;Oligocene reef front;SC3;Poriticae;1,49
Oligocene;Oligocene reef front;SC3;Poriticae;3,15
Oligocene;Oligocene reef front;SC3;Poriticae;4,24
Oligocene;Oligocene reef front;SC3;Poriticae;1,73
Oligocene;Oligocene reef front;SC3;Poriticae;2,12
Oligocene;Oligocene reef front;SC3;Poriticae;3,1
Oligocene;Oligocene reef front;SC4;Porites;3,48
Oligocene;Oligocene reef front;SC4;Porites;3,26
Oligocene;Oligocene reef front;SC4;Porites;2,12
Oligocene;Oligocene reef front;SC4;Porites;1,77
Oligocene;Oligocene reef front;SC4;Porites;2,09
Oligocene;Oligocene reef front;SC4;Porites;1,18
Oligocene;Oligocene reef front;SC4;Porites;2,86
Oligocene;Oligocene reef front;SC4;Porites;3,55
Oligocene;Oligocene reef front;SC4;Porites;4,38
Oligocene;Oligocene reef front;SC4;Porites;3,03
Oligocene;Oligocene reef front;SC4;Porites;3,99
Oligocene;Oligocene reef front;SC4;Porites;2,56
Oligocene;Oligocene reef front;SC4;Porites;2,58
Oligocene;Oligocene reef front;SC4;Porites;1,53
Oligocene;Oligocene reef front;SC4;Porites;1,9
Oligocene;Oligocene reef front;SC4;Porites;2,29
Oligocene;Oligocene reef front;SC4;Porites;2,04
Oligocene;Oligocene reef front;SC4;Porites;3,19
Oligocene;Oligocene reef front;SC4;Porites;4,18
Oligocene;Oligocene reef front;SC4;Porites;3,25
Oligocene;Oligocene reef front;SC4;Porites;4,02
Oligocene;Oligocene reef front;SC4;Porites;2,3
Oligocene;Oligocene reef front;SC4;Porites;1,38
Oligocene;Oligocene reef front;SC4;Porites;3,66
Oligocene;Oligocene reef front;SC4;Porites;2,31
Oligocene;Oligocene reef front;SC4;Porites;2,12
Oligocene;Oligocene reef front;SC4;Porites;1,92
Oligocene;Oligocene reef front;SC4;Porites;2,5
Oligocene;Oligocene reef front;SC4;Porites;2,07
Oligocene;Oligocene reef front;SC4;Porites;2,78
Oligocene;Oligocene reef front;SC4;Porites;2,45
Oligocene;Oligocene reef front;SC4;Porites;3,12
Oligocene;Oligocene reef front;SC4;Porites;3,2
Oligocene;Oligocene reef front;SC4;Porites;3,21
Oligocene;Oligocene reef front;SC4;Porites;3,72
Oligocene;Oligocene reef front;SC4;Porites;2,1
Oligocene;Oligocene reef front;SC4;Porites;3,39
Oligocene;Oligocene reef front;SC4;Porites;2,85
Oligocene;Oligocene reef front;SC4;Porites;2,94
Oligocene;Oligocene reef front;SC4;Porites;2,26
Oligocene;Oligocene reef front;SC4;Porites;3,09
Oligocene;Oligocene reef front;SC4;Porites;2,72
Oligocene;Oligocene reef front;SC4;Porites;2,15
Oligocene;Oligocene reef front;SC4;Porites;3,03
Oligocene;Oligocene reef front;SC5;Porites;4,33
Oligocene;Oligocene reef front;SC5;Porites;4,59
Oligocene;Oligocene reef front;SC5;Porites;4,79
Oligocene;Oligocene reef front;SC5;Porites;10,12
Oligocene;Oligocene reef front;SC5;Porites;10,73
Oligocene;Oligocene reef front;SC5;Porites;12,45
Oligocene;Oligocene reef front;SC5;Porites;7,66
Oligocene;Oligocene reef front;SC5;Porites;7,5
Oligocene;Oligocene reef front;SC5;Porites;6,53
Oligocene;Oligocene reef front;SC5;Porites;5,25
Oligocene;Oligocene reef front;SC5;Porites;5,66
Oligocene;Oligocene reef front;SC5;Porites;8,74
Oligocene;Oligocene reef front;SC5;Porites;6,83
Oligocene;Oligocene reef front;SC5;Porites;7,52
Oligocene;Oligocene reef front;SC5;Porites;8,41
Oligocene;Oligocene reef front;SC5;Porites;6,6
Oligocene;Oligocene reef front;SC5;Porites;3,01
Oligocene;Oligocene reef front;SC5;Porites;4,88
Oligocene;Oligocene reef front;SC5;Porites;5,88
Oligocene;Oligocene reef front;SC5;Porites;7,09
Oligocene;Oligocene reef front;SC5;Porites;4,84
Oligocene;Oligocene reef front;SC5;Porites;4,7
Oligocene;Oligocene reef front;SC5;Porites;4,82
Oligocene;Oligocene reef front;SC5;Porites;4,59
Oligocene;Oligocene reef front;SC5;Porites;3,23
Oligocene;Oligocene reef front;SC5;Porites;3,41
Oligocene;Oligocene reef front;SC5;Porites;6,14
Oligocene;Oligocene reef front;SC5;Porites;2,19
Oligocene;Oligocene reef front;SC5;Porites;2,52
Oligocene;Oligocene reef front;SC5;Porites;7,26
Oligocene;Oligocene reef front;SC5;Porites;6,43
Oligocene;Oligocene reef front;SC5;Porites;3,93
Oligocene;Oligocene reef front;SC5;Porites;4,43
Oligocene;Oligocene reef front;SC5;Porites;3,92
Oligocene;Oligocene reef front;SC5;Porites;5,36
Oligocene;Oligocene reef front;SC5;Porites;3,16
Oligocene;Oligocene reef front;SC5;Porites;3,1
Oligocene;Oligocene reef front;SC5;Porites;4,44
Oligocene;Oligocene reef front;SC5;Porites;4,15
Oligocene;Oligocene reef front;SC5;Porites;3,67
Oligocene;Oligocene reef front;SC5;Porites;3,56
Oligocene;Oligocene reef front;SC5;Porites;4,2
Oligocene;Oligocene reef front;SC5;Porites;4,02
Oligocene;Oligocene reef front;SC5;Porites;3,82
Oligocene;Oligocene reef front;SC5;Porites;3,31
Oligocene;Oligocene reef front;SC5;Porites;4,8
Oligocene;Oligocene reef front;SC5;Porites;4,96
Oligocene;Oligocene reef front;SC5;Porites;8,52
Oligocene;Oligocene reef front;SC5;Porites;6,91
Oligocene;Oligocene reef front;SC5;Porites;8,15
Oligocene;Oligocene reef front;SC5;Porites;6,13
Oligocene;Oligocene reef front;SC5;Porites;5,43
Oligocene;Oligocene reef front;SC5;Porites;4,04
Oligocene;Oligocene reef front;SC5;Porites;6,79
Oligocene;Oligocene reef front;SC5;Porites;5,27
Oligocene;Oligocene reef front;SC5;Porites;5,05
Oligocene;Oligocene reef front;SC5;Porites;8,92
Oligocene;Oligocene reef front;SC5;Porites;4,5
Oligocene;Oligocene reef front;SC5;Porites;5,89
Oligocene;Oligocene reef front;SC5;Porites;8,5
Oligocene;Oligocene reef front;SC5;Porites;6,13
Oligocene;Oligocene reef front;SC5;Porites;5,43
Oligocene;Oligocene reef front;SC5;Porites;4,04
Oligocene;Oligocene reef front;SC5;Porites;6,79
Oligocene;Oligocene reef front;SC5;Porites;5,27
Oligocene;Oligocene reef front;SC5;Porites;5,05
Oligocene;Oligocene reef front;SC5;Porites;8,9
Oligocene;Oligocene reef front;SC5;Porites;4,5
Oligocene;Oligocene reef front;SC5;Porites;5,89
Oligocene;Oligocene reef front;SC5;Porites;8,5
Oligocene;Oligocene reef front;SC5;Porites;5,38
Oligocene;Oligocene reef front;SC5;Porites;7,65
Oligocene;Oligocene reef front;SC5;Porites;4,41
Oligocene;Oligocene reef front;SC5;Porites;2,09
Oligocene;Oligocene reef front;SC5;Porites;2,72
Oligocene;Oligocene reef front;SC6;Porites;4,89
Oligocene;Oligocene reef front;SC6;Porites;2,34
Oligocene;Oligocene reef front;SC6;Porites;3,06
Oligocene;Oligocene reef front;SC6;Porites;5,22
Oligocene;Oligocene reef front;SC6;Porites;5,76
Oligocene;Oligocene reef front;SC6;Porites;3,59
Oligocene;Oligocene reef front;SC6;Porites;3,69
Oligocene;Oligocene reef front;SC6;Porites;5,13
Oligocene;Oligocene reef front;SC6;Porites;2,63
Oligocene;Oligocene reef front;SC6;Porites;5,31
Oligocene;Oligocene reef front;SC6;Porites;3,97
Oligocene;Oligocene reef front;SC6;Porites;5,32
Oligocene;Oligocene reef front;SC6;Porites;4,32
Oligocene;Oligocene reef front;SC6;Porites;4,68
Oligocene;Oligocene reef front;SC6;Porites;2,63
Oligocene;Oligocene reef front;SC6;Porites;5,19
Oligocene;Oligocene reef front;SC6;Porites;5,51
Oligocene;Oligocene reef front;SC6;Porites;6,56
Oligocene;Oligocene reef front;SC6;Porites;7,25
Oligocene;Oligocene reef front;SC6;Porites;5,15
Oligocene;Oligocene reef front;SC6;Porites;6,03
Oligocene;Oligocene reef front;SC6;Porites;6,12
Oligocene;Oligocene reef front;SC6;Porites;5,57
Oligocene;Oligocene reef front;SC6;Porites;5,74
Oligocene;Oligocene reef front;SC6;Porites;3,81
Oligocene;Oligocene reef front;SC7;Actinacis;2,87
Oligocene;Oligocene reef front;SC7;Actinacis;5,82
Oligocene;Oligocene reef front;SC7;Actinacis;3,1
Oligocene;Oligocene reef front;SC7;Actinacis;4,65
Oligocene;Oligocene reef front;SC7;Actinacis;1,67
Oligocene;Oligocene reef front;SC7;Actinacis;1,6
Oligocene;Oligocene reef front;SC7;Actinacis;3,04
Oligocene;Oligocene reef front;SC7;Actinacis;3,35
Oligocene;Oligocene reef front;SC7;Actinacis;2,82
Oligocene;Oligocene reef front;SC7;Actinacis;2
Oligocene;Oligocene reef front;SC7;Actinacis;4,14
Oligocene;Oligocene reef front;SC7;Actinacis;1,87
Oligocene;Oligocene reef front;SC7;Actinacis;2,48
Oligocene;Oligocene reef front;SC7;Actinacis;1,6
Oligocene;Oligocene reef front;SC7;Actinacis;2,29
Oligocene;Oligocene reef front;SC7;Actinacis;1,8
Oligocene;Oligocene reef front;SC7;Actinacis;1,21
Oligocene;Oligocene reef front;SC7;Actinacis;2,27
Oligocene;Oligocene reef front;SC7;Actinacis;2,81
Oligocene;Oligocene reef front;SC7;Actinacis;3,04
Oligocene;Oligocene reef front;SC7;Actinacis;1,85
Oligocene;Oligocene reef front;SC8;Porites;4,62
Oligocene;Oligocene reef front;SC8;Porites;4,37
Oligocene;Oligocene reef front;SC8;Porites;3,51
Oligocene;Oligocene reef front;SC8;Porites;4,15
Oligocene;Oligocene reef front;SC8;Porites;4,22
Oligocene;Oligocene reef front;SC8;Porites;4,14
Oligocene;Oligocene reef front;SC8;Porites;4,11
Oligocene;Oligocene reef front;SC8;Porites;3,96
Oligocene;Oligocene reef front;SC8;Porites;3,61
Oligocene;Oligocene reef front;SC8;Porites;1,2
Oligocene;Oligocene reef front;SC8;Porites;5,43
Oligocene;Oligocene reef front;SC8;Porites;3,79
Oligocene;Oligocene reef front;SC8;Porites;3,04
Oligocene;Oligocene reef front;SC8;Porites;3,04
Oligocene;Oligocene reef front;SC8;Porites;3
Oligocene;Oligocene reef front;SC8;Porites;2,9
Oligocene;Oligocene reef front;SC8;Porites;2,52
Oligocene;Oligocene reef front;SC8;Porites;2,61
Oligocene;Oligocene reef front;SC8;Porites;2,45
Oligocene;Oligocene reef front;SC8;Porites;2,34
Oligocene;Oligocene reef front;SC8;Porites;2,55
Oligocene;Oligocene reef front;SC8;Porites;3,81
Oligocene;Oligocene reef front;SC8;Porites;3,8
Oligocene;Oligocene reef front;SC8;Porites;3,36
Oligocene;Oligocene reef front;SC8;Porites;2,92
Oligocene;Oligocene reef front;SC8;Porites;3,07
Oligocene;Oligocene reef front;SC8;Porites;3,38
Oligocene;Oligocene reef front;SC8;Porites;3,84
Oligocene;Oligocene reef front;SC8;Porites;3,61
Oligocene;Oligocene reef front;SC8;Porites;5,1
Oligocene;Oligocene reef front;SC8;Porites;5,09
Oligocene;Oligocene reef front;SC8;Porites;4,87
Oligocene;Oligocene reef front;SC9;Actinacis;1,98
Oligocene;Oligocene reef front;SC9;Actinacis;1,47
Oligocene;Oligocene reef front;SC9;Actinacis;2,51
Oligocene;Oligocene reef front;SC9;Actinacis;0,98
Oligocene;Oligocene reef front;SC9;Actinacis;1,98
Oligocene;Oligocene reef front;SC9;Actinacis;1,8
Oligocene;Oligocene reef front;SC9;Actinacis;1,82
Oligocene;Oligocene reef front;SC9;Actinacis;1,26
Oligocene;Oligocene reef front;SC9;Actinacis;1,76
Oligocene;Oligocene reef front;SC9;Actinacis;2,02
Oligocene;Oligocene reef front;SC9;Actinacis;2,16
Oligocene;Oligocene reef front;SC9;Actinacis;2,75
Oligocene;Oligocene reef front;SC9;Actinacis;2,92
Oligocene;Oligocene reef front;SC9;Actinacis;3,26
Oligocene;Oligocene reef front;SC9;Actinacis;2,75
Oligocene;Oligocene reef front;SC9;Actinacis;2,42
Oligocene;Oligocene reef front;SC9;Actinacis;2,17
Oligocene;Oligocene reef front;SC9;Actinacis;0,86
Oligocene;Oligocene reef front;SC9;Actinacis;0,86
Oligocene;Oligocene reef front;SC9;Actinacis;1,06
Oligocene;Oligocene reef front;SC9;Actinacis;1,05
Oligocene;Oligocene reef front;SC9;Actinacis;1,47
Oligocene;Oligocene reef front;SC9;Actinacis;2,15
Oligocene;Oligocene reef front;SC9;Actinacis;2,46
Oligocene;Oligocene reef front;SC9;Actinacis;1,29
Oligocene;Oligocene reef front;SC9;Actinacis;3,35
Oligocene;Oligocene reef front;SC9;Actinacis;1,44
Oligocene;Oligocene reef front;SC9;Actinacis;1,99
Oligocene;Oligocene reef front;SC9;Actinacis;1,99
Oligocene;Oligocene reef front;SC9;Actinacis;2,67
Oligocene;Oligocene reef front;SC9;Actinacis;1,58
Oligocene;Oligocene reef front;SC9;Actinacis;1,1
Oligocene;Oligocene reef front;SC9;Actinacis;1,89
Oligocene;Oligocene reef front;SC9;Actinacis;1,44
Oligocene;Oligocene reef front;SC9;Actinacis;2,05
Oligocene;Oligocene reef front;SC9;Actinacis;1,36
Oligocene;Oligocene reef front;SC9;Actinacis;2,36
Oligocene;Oligocene reef front;SC9;Actinacis;1,52
Oligocene;Oligocene reef front;SC9;Actinacis;2,76
Oligocene;Oligocene reef front;SC9;Actinacis;2,97
Oligocene;Oligocene reef front;SC9;Actinacis;3,08
Oligocene;Oligocene reef front;SC9;Actinacis;2,57
Oligocene;Oligocene reef front;SC9;Actinacis;2,57
Oligocene;Oligocene reef front;SC9;Actinacis;1,83
Oligocene;Oligocene reef front;SC9;Actinacis;2,27
Oligocene;Oligocene reef front;SC9;Actinacis;2,26
Oligocene;Oligocene reef front;SC9;Actinacis;1,93
Oligocene;Oligocene reef front;SC9;Actinacis;2,68
Oligocene;Oligocene reef front;SC10;Poriticae;3,57
Oligocene;Oligocene reef front;SC10;Poriticae;3,06
Oligocene;Oligocene reef front;SC10;Poriticae;3,32
Oligocene;Oligocene reef front;SC10;Poriticae;2,64
Oligocene;Oligocene reef front;SC10;Poriticae;1,81
Oligocene;Oligocene reef front;SC10;Poriticae;1,53
Oligocene;Oligocene reef front;SC10;Poriticae;3,28
Oligocene;Oligocene reef front;SC10;Poriticae;3,05
Oligocene;Oligocene reef front;SC10;Poriticae;3,63
Oligocene;Oligocene reef front;SC10;Poriticae;3,62
Oligocene;Oligocene reef front;SC10;Poriticae;3,22
Oligocene;Oligocene reef front;SC10;Poriticae;1,74
Oligocene;Oligocene reef front;SC10;Poriticae;2,26
Oligocene;Oligocene reef front;SC10;Poriticae;1,58
Oligocene;Oligocene reef front;SC10;Poriticae;1,24
Oligocene;Oligocene reef front;SC10;Poriticae;1,56
Oligocene;Oligocene reef front;SC10;Poriticae;1,86
Oligocene;Oligocene reef front;SC10;Poriticae;1,47
Oligocene;Oligocene reef front;SC10;Poriticae;1,81
Oligocene;Oligocene reef front;SC10;Poriticae;2,04
Oligocene;Oligocene reef front;SC10;Poriticae;2,35
Oligocene;Oligocene reef front;SC10;Poriticae;3,39
Oligocene;Oligocene reef front;SC10;Poriticae;2,06
Oligocene;Oligocene reef front;SC10;Poriticae;2,5
Oligocene;Oligocene reef front;SC10;Poriticae;2,06
Oligocene;Oligocene reef front;SC10;Poriticae;1,12
Oligocene;Oligocene reef front;SC10;Poriticae;2,59
Oligocene;Oligocene reef front;SC10;Poriticae;3,36
Oligocene;Oligocene reef front;SC10;Poriticae;3,22
Oligocene;Oligocene reef front;SC11;Poriticae;7,92
Oligocene;Oligocene reef front;SC11;Poriticae;6,98
Oligocene;Oligocene reef front;SC11;Poriticae;7,61
Oligocene;Oligocene reef front;SC11;Poriticae;3,55
Oligocene;Oligocene reef front;SC11;Poriticae;5,78
Oligocene;Oligocene reef front;SC11;Poriticae;6,69
Oligocene;Oligocene reef front;SC11;Poriticae;5,4
Oligocene;Oligocene reef front;SC11;Poriticae;5,9
Oligocene;Oligocene reef front;SC11;Poriticae;6,69
Oligocene;Oligocene reef front;SC11;Poriticae;4,98
Oligocene;Oligocene reef front;SC11;Poriticae;1,61
Oligocene;Oligocene reef front;SC11;Poriticae;6,05
Oligocene;Oligocene reef front;SC11;Poriticae;5,46
Oligocene;Oligocene reef front;SC11;Poriticae;3,89
Oligocene;Oligocene reef front;SC11;Poriticae;3,58
Oligocene;Oligocene reef front;SC11;Poriticae;2,32
Oligocene;Oligocene reef front;SC12;Poriticae;3,73
Oligocene;Oligocene reef front;SC12;Poriticae;5,14
Oligocene;Oligocene reef front;SC12;Poriticae;3,54
Oligocene;Oligocene reef front;SC12;Poriticae;3,35
Oligocene;Oligocene reef front;SC12;Poriticae;3,69
Oligocene;Oligocene reef front;SC12;Poriticae;2,84
Oligocene;Oligocene reef front;SC12;Poriticae;2,61
Oligocene;Oligocene reef front;SC12;Poriticae;3,27
Oligocene;Oligocene reef front;SC12;Poriticae;2,38
Oligocene;Oligocene reef front;SC12;Poriticae;2,96
Oligocene;Oligocene reef front;SC12;Poriticae;2,76
Oligocene;Oligocene reef front;SC12;Poriticae;2,77
Oligocene;Oligocene reef front;SC12;Poriticae;3,92
Oligocene;Oligocene reef front;SC12;Poriticae;4,9
Oligocene;Oligocene reef front;SC12;Poriticae;3,48
Oligocene;Oligocene reef front;SC12;Poriticae;3,12
Oligocene;Oligocene reef front;SC12;Poriticae;3,02
Oligocene;Oligocene reef front;SC12;Poriticae;2,53
Oligocene;Oligocene reef front;SC12;Poriticae;2,89
Oligocene;Oligocene reef front;SC12;Poriticae;1,94
Oligocene;Oligocene reef front;SC12;Poriticae;3,05
Oligocene;Oligocene reef front;SC12;Poriticae;2,86
Oligocene;Oligocene reef front;SC12;Poriticae;2,48
Oligocene;Oligocene reef front;SC13;Astreopora;2,2
Oligocene;Oligocene reef front;SC13;Astreopora;1,59
Oligocene;Oligocene reef front;SC13;Astreopora;3,86
Oligocene;Oligocene reef front;SC13;Astreopora;3,15
Oligocene;Oligocene reef front;SC13;Astreopora;2,78
Oligocene;Oligocene reef front;SC13;Astreopora;3,03
Oligocene;Oligocene reef front;SC13;Astreopora;2,22
Oligocene;Oligocene reef front;SC13;Astreopora;3,62
Oligocene;Oligocene reef front;SC13;Astreopora;2,27
Oligocene;Oligocene reef front;SC13;Astreopora;2,59
Oligocene;Oligocene reef front;SC13;Astreopora;2,2
Oligocene;Oligocene reef front;SC13;Astreopora;2,94
Oligocene;Oligocene reef front;SC14;Actinacis;2,1
Oligocene;Oligocene reef front;SC14;Actinacis;1,62
Oligocene;Oligocene reef front;SC14;Actinacis;2,51
Oligocene;Oligocene reef front;SC14;Actinacis;2,11
Oligocene;Oligocene reef front;SC14;Actinacis;0,92
Oligocene;Oligocene reef front;SC14;Actinacis;2,65
Oligocene;Oligocene reef front;SC14;Actinacis;2,48
Oligocene;Oligocene reef front;SC14;Actinacis;3,25
Oligocene;Oligocene reef front;SC14;Actinacis;1,12
Oligocene;Oligocene reef front;SC14;Actinacis;2,18
Oligocene;Oligocene reef front;SC14;Actinacis;1,99
Oligocene;Oligocene reef front;SC14;Actinacis;1,84
Oligocene;Oligocene reef front;SC14;Actinacis;3,81
Oligocene;Oligocene reef front;SC14;Actinacis;3,46
Oligocene;Oligocene reef front;SC14;Actinacis;4,14
Oligocene;Oligocene reef front;SC14;Actinacis;4,2
Oligocene;Oligocene reef front;SC14;Actinacis;4,53
Oligocene;Oligocene reef front;SC14;Actinacis;4,5
Oligocene;Oligocene reef front;SC14;Actinacis;4,35
Oligocene;Oligocene reef front;SC14;Actinacis;2,69
Oligocene;Oligocene reef front;SC14;Actinacis;2,04
Oligocene;Oligocene reef front;SC14;Actinacis;3,56
Oligocene;Oligocene reef front;SC14;Actinacis;2,45
Oligocene;Oligocene reef front;SC14;Actinacis;3,36
Oligocene;Oligocene reef front;SC14;Actinacis;3,73
Oligocene;Oligocene reef front;SC14;Actinacis;4,58
Oligocene;Oligocene reef front;SC14;Actinacis;2,1
Oligocene;Oligocene reef front;SC14;Actinacis;2,18
Oligocene;Oligocene reef front;SC14;Actinacis;2,21
Oligocene;Oligocene reef front;SC14;Actinacis;2,16
Oligocene;Oligocene reef front;SC14;Actinacis;2,59
Oligocene;Oligocene reef front;SC14;Actinacis;3,81
Oligocene;Oligocene reef front;SC14;Actinacis;2,59
Oligocene;Oligocene reef front;SC14;Actinacis;3,28
Oligocene;Oligocene reef front;SC15;Poriticae;1,66
Oligocene;Oligocene reef front;SC15;Poriticae;1,75
Oligocene;Oligocene reef front;SC15;Poriticae;0,88
Oligocene;Oligocene reef front;SC15;Poriticae;1,99
Oligocene;Oligocene reef front;SC15;Poriticae;1,43
Oligocene;Oligocene reef front;SC15;Poriticae;1,27
Oligocene;Oligocene reef front;SC15;Poriticae;2,06
Oligocene;Oligocene reef front;SC15;Poriticae;1,23
Oligocene;Oligocene reef front;SC15;Poriticae;1,59
Oligocene;Oligocene reef front;SC15;Poriticae;1,51
Oligocene;Oligocene reef front;SC15;Poriticae;2,11
Oligocene;Oligocene reef front;SC15;Poriticae;2,14
Oligocene;Oligocene reef front;SC15;Poriticae;1,4
Oligocene;Oligocene reef front;SC15;Poriticae;1,3
Oligocene;Oligocene reef front;SC15;Poriticae;0,89
Oligocene;Oligocene reef front;SC15;Poriticae;0,89
Oligocene;Oligocene reef front;SC15;Poriticae;1,45
Oligocene;Oligocene reef front;SC15;Poriticae;1,4
Oligocene;Oligocene reef front;SC15;Poriticae;1,94
Oligocene;Oligocene reef front;SC15;Poriticae;1,93
Oligocene;Oligocene reef front;SC15;Poriticae;2,31
Oligocene;Oligocene reef front;SC15;Poriticae;0,78
Oligocene;Oligocene reef front;SC15;Poriticae;2,68
Oligocene;Oligocene reef front;SC15;Poriticae;1,39
Oligocene;Oligocene reef front;SC15;Poriticae;0,84
Oligocene;Oligocene reef front;SC15;Poriticae;1,55
Oligocene;Oligocene reef front;SC15;Poriticae;1,79
Oligocene;Oligocene reef front;SC15;Poriticae;1,88
Oligocene;Oligocene reef front;SC15;Poriticae;2,28
Oligocene;Oligocene reef front;SC15;Poriticae;2,65
Oligocene;Oligocene reef front;SC15;Poriticae;3,04
Oligocene;Oligocene reef front;SC15;Poriticae;2,8
Oligocene;Oligocene reef front;SC15;Poriticae;2,48
Oligocene;Oligocene reef front;SC15;Poriticae;2,51
Oligocene;Oligocene reef front;SC15;Poriticae;2,01
Oligocene;Oligocene reef front;SC15;Poriticae;2,86
Oligocene;Oligocene reef front;SC15;Poriticae;3,17
Oligocene;Oligocene reef front;SC15;Poriticae;2,27
Oligocene;Oligocene reef front;SC15;Poriticae;2,33
Oligocene;Oligocene reef front;SC15;Poriticae;1,85
Oligocene;Oligocene reef front;SC15;Poriticae;2,34
Oligocene;Oligocene reef front;SC15;Poriticae;2,7
Oligocene;Oligocene reef front;SC15;Poriticae;2,95
Oligocene;Oligocene reef front;SC15;Poriticae;2,21
Oligocene;Oligocene reef front;SC15;Poriticae;2,45
Oligocene;Oligocene reef front;SC15;Poriticae;2,04
Oligocene;Oligocene reef front;SC15;Poriticae;2,37
Oligocene;Oligocene reef front;SC15;Poriticae;1,44
Oligocene;Oligocene reef front;SC15;Poriticae;1,53
Oligocene;Oligocene reef front;SC15;Poriticae;1,85
Oligocene;Oligocene reef front;SC16;Poriticae;7,82
Oligocene;Oligocene reef front;SC16;Poriticae;4,15
Oligocene;Oligocene reef front;SC16;Poriticae;4,97
Oligocene;Oligocene reef front;SC16;Poriticae;2,32
Oligocene;Oligocene reef front;SC16;Poriticae;5,26
Oligocene;Oligocene reef front;SC16;Poriticae;3,21
Oligocene;Oligocene reef front;SC16;Poriticae;2,51
Oligocene;Oligocene reef front;SC16;Poriticae;3,61
Oligocene;Oligocene reef front;SC16;Poriticae;6,8
Oligocene;Oligocene reef front;SC16;Poriticae;3,69
Oligocene;Oligocene reef front;SC16;Poriticae;2,32
Oligocene;Oligocene reef front;SC16;Poriticae;2,15
Oligocene;Oligocene reef front;SC16;Poriticae;2,11
Oligocene;Oligocene reef front;SC16;Poriticae;2,78
Oligocene;Oligocene reef front;SC16;Poriticae;3,85
Oligocene;Oligocene reef front;SC16;Poriticae;3,68
Oligocene;Oligocene reef front;SC16;Poriticae;3,15
Oligocene;Oligocene reef front;SC16;Poriticae;4,45
Oligocene;Oligocene reef front;SC16;Poriticae;3,72
Oligocene;Oligocene reef front;SC16;Poriticae;4,82
Oligocene;Oligocene reef front;SC16;Poriticae;4,09
Oligocene;Oligocene reef front;SC16;Poriticae;4,07
Oligocene;Oligocene reef front;SC16;Poriticae;4,06
Oligocene;Oligocene reef front;SC16;Poriticae;2,19
Oligocene;Oligocene reef front;SC16;Poriticae;4,28
Oligocene;Oligocene reef front;SC16;Poriticae;4,92
Oligocene;Oligocene reef front;SC16;Poriticae;4,48
Oligocene;Oligocene reef front;SC16;Poriticae;6,04
Miocene;Miocene reef front;CDG1a;Porites;2,26
Miocene;Miocene reef front;CDG1a;Porites;2,39
Miocene;Miocene reef front;CDG1a;Porites;2,43
Miocene;Miocene reef front;CDG1a;Porites;1,31
Miocene;Miocene reef front;CDG1a;Porites;1,17
Miocene;Miocene reef front;CDG1a;Porites;1,27
Miocene;Miocene reef front;CDG1a;Porites;2,69
Miocene;Miocene reef front;CDG1a;Porites;1,77
Miocene;Miocene reef front;CDG1a;Porites;1,79
Miocene;Miocene reef front;CDG1a;Porites;1,95
Miocene;Miocene reef front;CDG1b;Porites;1,004670968
Miocene;Miocene reef front;CDG1b;Porites;0,94
Miocene;Miocene reef front;CDG1b;Porites;0,10
Miocene;Miocene reef front;CDG1b;Porites;1,04
Miocene;Miocene reef front;CDG1b;Porites;0,99
Miocene;Miocene reef front;CDG1b;Porites;0,91
Miocene;Miocene reef front;CDG1b;Porites;1,07
Miocene;Miocene reef front;CDG1b;Porites;0,91
Miocene;Miocene reef front;CDG1b;Porites;1,00
Miocene;Miocene reef front;CDG1b;Porites;0,94
Miocene;Miocene reef front;CDG1c;Porites;1,004090323
Miocene;Miocene reef front;CDG1c;Porites;1,00
Miocene;Miocene reef front;CDG1c;Porites;0,97
Miocene;Miocene reef front;CDG1c;Porites;1,02
Miocene;Miocene reef front;CDG1c;Porites;1,05
Miocene;Miocene reef front;CDG1c;Porites;0,98
Miocene;Miocene reef front;CDG1c;Porites;1,00
Miocene;Miocene reef front;CDG1c;Porites;0,98
Miocene;Miocene reef front;CDG1c;Porites;1,08
Miocene;Miocene reef front;CDG1c;Porites;1,00
Miocene;Miocene reef front;CDG1c;Porites;0,97
Miocene;Miocene reef front;CDG1c;Porites;1,09
Miocene;Miocene reef front;CDG2;Porites;1,70135257
Miocene;Miocene reef front;CDG2;Porites;2,55
Miocene;Miocene reef front;CDG2;Porites;2,88
Miocene;Miocene reef front;CDG2;Porites;2,71
Miocene;Miocene reef front;CDG2;Porites;2,15
Miocene;Miocene reef front;CDG2;Porites;1,69
Miocene;Miocene reef front;CDG2;Porites;1,68
Miocene;Miocene reef front;CDG2;Porites;2,71
Miocene;Miocene reef front;CDG2;Porites;2,62
Miocene;Miocene reef front;CDG2;Porites;2,38
Miocene;Miocene reef front;CDG2;Porites;2,63
Miocene;Miocene reef front;CDG2;Porites;1,66
Miocene;Miocene reef front;CDG2;Porites;3,80
Miocene;Miocene reef front;CDG2;Porites;2,46
Miocene;Miocene reef front;CDG2;Porites;1,49
Miocene;Miocene reef front;CDG2;Porites;2,22
Miocene;Miocene reef front;CDG2;Porites;3,20
Miocene;Miocene reef front;CDG2;Porites;2,75
Miocene;Miocene reef front;CDG2;Porites;2,78
Miocene;Miocene reef front;CDG2;Porites;2,58
Miocene;Miocene reef front;CDG2;Porites;2,58
Miocene;Miocene reef front;CDG3a;Porites;3,519804273
Miocene;Miocene reef front;CDG3a;Porites;3,17
Miocene;Miocene reef front;CDG3a;Porites;3,81
Miocene;Miocene reef front;CDG3a;Porites;2,56
Miocene;Miocene reef front;CDG3a;Porites;2,22
Miocene;Miocene reef front;CDG3a;Porites;2,56
Miocene;Miocene reef front;CDG3a;Porites;2,14
Miocene;Miocene reef front;CDG3a;Porites;1,96
Miocene;Miocene reef front;CDG3a;Porites;1,85
Miocene;Miocene reef front;CDG3a;Porites;2,57
Miocene;Miocene reef front;CDG3a;Porites;1,29
Miocene;Miocene reef front;CDG3a;Porites;1,56
Miocene;Miocene reef front;CDG3a;Porites;2,25
Miocene;Miocene reef front;CDG3a;Porites;0,97
Miocene;Miocene reef front;CDG3a;Porites;1,45
Miocene;Miocene reef front;CDG3a;Porites;1,56
Miocene;Miocene reef front;CDG3a;Porites;2,26
Miocene;Miocene reef front;CDG3b;Porites;3,70
Miocene;Miocene reef front;CDG3b;Porites;3,07
Miocene;Miocene reef front;CDG3b;Porites;4,91
Miocene;Miocene reef front;CDG3b;Porites;2,57
Miocene;Miocene reef front;CDG3b;Porites;4,85
Miocene;Miocene reef front;CDG3b;Porites;3,30
Miocene;Miocene reef front;CDG3b;Porites;3,30
Miocene;Miocene reef front;CDG3b;Porites;3,45
Miocene;Miocene reef front;CDG3b;Porites;3,24
Miocene;Miocene reef front;CDG3b;Porites;2,68
Miocene;Miocene reef front;CDG3b;Porites;2,05
Miocene;Miocene reef front;CDG3b;Porites;2,27
Miocene;Miocene reef front;CDG3b;Porites;2,96
Miocene;Miocene reef front;CDG3b;Porites;2,47
Miocene;Miocene reef front;CDG4a;Porites;1,47
Miocene;Miocene reef front;CDG4a;Porites;1,72
Miocene;Miocene reef front;CDG4a;Porites;1,59
Miocene;Miocene reef front;CDG4a;Porites;1,20
Miocene;Miocene reef front;CDG4a;Porites;2,10
Miocene;Miocene reef front;CDG4a;Porites;1,07
Miocene;Miocene reef front;CDG4b;Porites;1,38
Miocene;Miocene reef front;CDG4b;Porites;1,60
Miocene;Miocene reef front;CDG4b;Porites;1,26
Miocene;Miocene reef front;CDG4b;Porites;0,95
Miocene;Miocene reef front;CDG4b;Porites;0,79
Miocene;Miocene reef front;CDG4b;Porites;1,05
Miocene;Miocene reef front;CDG4b;Porites;1,11
Miocene;Miocene reef front;CDG4b;Porites;1,00
Miocene;Miocene reef front;CDG4b;Porites;0,93
Miocene;Miocene reef front;CDG4c;Porites;1,17
Miocene;Miocene reef front;CDG4c;Porites;1,16
Miocene;Miocene reef front;CDG4c;Porites;1,21
Miocene;Miocene reef front;CDG4c;Porites;0,76
Miocene;Miocene reef front;CDG4c;Porites;1,46
Miocene;Miocene reef front;CDG4c;Porites;1,31
Miocene;Miocene reef front;CDG4c;Porites;1,52
Miocene;Miocene reef front;CDG4c;Porites;2,32
Miocene;Miocene reef front;CDG4c;Porites;2,07
Miocene;Miocene reef front;CDG4c;Porites;3,79
Miocene;Miocene reef front;CDG4d;Porites;1,81
Miocene;Miocene reef front;CDG4d;Porites;1,41
Miocene;Miocene reef front;CDG4d;Porites;1,26
Miocene;Miocene reef front;CDG4d;Porites;2,31
Miocene;Miocene reef front;CDG4d;Porites;1,36
Miocene;Miocene reef front;CDG4d;Porites;0,91
Miocene;Miocene reef front;CDG4d;Porites;0,91
Miocene;Miocene reef front;CDG4d;Porites;1,29
Miocene;Miocene reef front;CDG4d;Porites;1,68
Miocene;Miocene reef front;CDG4e;Porites;1,28
Miocene;Miocene reef front;CDG4e;Porites;1,52
Miocene;Miocene reef front;CDG4e;Porites;1,17
Miocene;Miocene reef front;CDG4e;Porites;1,33
Miocene;Miocene reef front;CDG4e;Porites;1,11
Miocene;Miocene reef front;CDG4e;Porites;1,12
Miocene;Miocene reef front;CDG5a;Porites;2,11
Miocene;Miocene reef front;CDG5a;Porites;1,38
Miocene;Miocene reef front;CDG5a;Porites;1,86
Miocene;Miocene reef front;CDG5a;Porites;1,88
Miocene;Miocene reef front;CDG5a;Porites;1,62
Miocene;Miocene reef front;CDG5a;Porites;1,47
Miocene;Miocene reef front;CDG5b;Porites;1,05
Miocene;Miocene reef front;CDG5b;Porites;1,76
Miocene;Miocene reef front;CDG5b;Porites;1,48
Miocene;Miocene reef front;CDG5b;Porites;1,51
Miocene;Miocene reef front;CDG5b;Porites;1,97
Miocene;Miocene reef front;CDG5b;Porites;1,21
Miocene;Miocene reef front;CDG5b;Porites;1,31
Miocene;Miocene reef front;CDG5b;Porites;1,52
Miocene;Miocene reef front;CDG5b;Porites;2,01
Miocene;Miocene reef front;CDG5b;Porites;1,46
Miocene;Miocene reef front;CDG5b;Porites;1,88
Miocene;Miocene reef front;CDG6a;Porites;2,23
Miocene;Miocene reef front;CDG6a;Porites;2,11
Miocene;Miocene reef front;CDG6a;Porites;2,58
Miocene;Miocene reef front;CDG6a;Porites;2,84
Miocene;Miocene reef front;CDG6a;Porites;1,83
Miocene;Miocene reef front;CDG6a;Porites;1,55
Miocene;Miocene reef front;CDG6a;Porites;1,54
Miocene;Miocene reef front;CDG6b;Porites;1,43
Miocene;Miocene reef front;CDG6b;Porites;1,29
Miocene;Miocene reef front;CDG6b;Porites;1,72
Miocene;Miocene reef front;CDG6b;Porites;0,88
Miocene;Miocene reef front;CDG6b;Porites;1,63
Miocene;Miocene reef front;CDG6b;Porites;0,81
Miocene;Miocene reef front;CDG6b;Porites;1,64
Miocene;Miocene reef front;CDG6b;Porites;1,47
Miocene;Miocene reef front;CDG6c;Porites;1,34
Miocene;Miocene reef front;CDG6c;Porites;0,64
Miocene;Miocene reef front;CDG6c;Porites;1,89
Miocene;Miocene reef front;CDG6c;Porites;1,63
Miocene;Miocene reef front;CDG6c;Porites;1,50
Miocene;Miocene reef front;CDG6c;Porites;1,42
Miocene;Miocene reef front;CDG6c;Porites;0,71
Miocene;Miocene reef front;CDG6c;Porites;0,66
Miocene;Miocene reef front;CDG6c;Porites;0,64
Miocene;Miocene reef front;CDG6c;Porites;0,88
Miocene;Miocene reef front;CDG6c;Porites;2,83
Miocene;Miocene reef front;CDG6d;Porites;2,43
Miocene;Miocene reef front;CDG6d;Porites;2,77
Miocene;Miocene reef front;CDG6d;Porites;2,17
Miocene;Miocene reef front;CDG6e;Porites;1,36
Miocene;Miocene reef front;CDG6e;Porites;1,57
Miocene;Miocene reef front;CDG6e;Porites;1,60
Miocene;Miocene reef front;CDG7;Porites;2,70
Miocene;Miocene reef front;CDG7;Porites;1,95
Miocene;Miocene reef front;CDG7;Porites;1,79
Miocene;Miocene reef front;CDG7;Porites;2,93
Miocene;Miocene reef front;CDG7;Porites;1,49
Miocene;Miocene reef front;CDG7;Porites;2,61
Miocene;Miocene reef front;CDG7;Porites;2,21
Miocene;Miocene reef front;CDG7;Porites;1,67
Miocene;Miocene reef front;CDG7;Porites;1,70
Miocene;Miocene reef front;CDG7;Porites;2,20
Miocene;Miocene reef front;CDG7;Porites;2,26
Miocene;Miocene reef front;CDG7;Porites;1,20
Miocene;Miocene reef front;CDG7;Porites;2,49
Miocene;Miocene reef front;CDG9a;Porites;1,32
Miocene;Miocene reef front;CDG9a;Porites;1,11
Miocene;Miocene reef front;CDG9a;Porites;1,01
Miocene;Miocene reef front;CDG9a;Porites;0,90
Miocene;Miocene reef front;CDG9a;Porites;1,13
Miocene;Miocene reef front;CDG9b;Porites;1,18
Miocene;Miocene reef front;CDG9b;Porites;1,16
Miocene;Miocene reef front;CDG9b;Porites;1,16
Miocene;Miocene reef front;CDG9b;Porites;1,02
Miocene;Miocene reef front;CDG9b;Porites;1,11
Miocene;Miocene reef front;CDG9b;Porites;1,24
Miocene;Miocene reef front;CDG9b;Porites;1,44
Miocene;Miocene reef front;CDG9b;Porites;1,44
Miocene;Miocene reef front;CDG9b;Porites;1,14
Miocene;Miocene reef front;CDG9b;Porites;1,16
Miocene;Miocene reef front;CDG9b;Porites;1,43
Miocene;Miocene reef front;CDG9b;Porites;1,28
Miocene;Miocene reef front;CDG9b;Porites;1,12
Miocene;Miocene reef front;CDG9b;Porites;1,11
Miocene;Miocene reef front;CDG9b;Porites;1,06
Miocene;Miocene reef front;CDG9b;Porites;1,25
Miocene;Miocene reef front;CDG9b;Porites;1,32
Miocene;Miocene reef front;CDG9b;Porites;1,21
Miocene;Miocene reef front;CDG9b;Porites;1,62
Miocene;Miocene reef front;CDG9c;Porites;1,40
Miocene;Miocene reef front;CDG9c;Porites;1,38
Miocene;Miocene reef front;CDG9c;Porites;1,76
Miocene;Miocene reef front;CDG9c;Porites;1,49
Miocene;Miocene reef front;CDG9d;Porites;1,21
Miocene;Miocene reef front;CDG9d;Porites;1,47
Miocene;Miocene reef front;CDG9d;Porites;1,09
Miocene;Miocene reef front;CDG9d;Porites;1,69
Miocene;Miocene reef front;CDG10a;Porites;1,73
Miocene;Miocene reef front;CDG10a;Porites;2,66
Miocene;Miocene reef front;CDG10a;Porites;1,06
Miocene;Miocene reef front;CDG10b;Porites;2,20
Miocene;Miocene reef front;CDG10b;Porites;2,42
Miocene;Miocene reef front;CDG10b;Porites;0,70
Miocene;Miocene reef front;CDG10b;Porites;1,07
Miocene;Miocene reef front;CDG10b;Porites;1,19
Miocene;Miocene reef front;CDG10b;Porites;0,98
Miocene;Miocene reef front;CDG10b;Porites;1,44
Miocene;Miocene reef front;CDG10b;Porites;1,14
Miocene;Miocene reef front;CDG10b;Porites;1,04
Miocene;Miocene reef front;CDG10b;Porites;0,69
Miocene;Miocene reef front;CDG10b;Porites;1,23
Miocene;Miocene reef front;CDG10b;Porites;1,22
Miocene;Miocene reef front;CDG10b;Porites;1,21
Miocene;Miocene reef front;CDG10c;Porites;0,91
Miocene;Miocene reef front;CDG10c;Porites;0,89
Miocene;Miocene reef front;CDG10c;Porites;0,88
Miocene;Miocene reef front;CDG10c;Porites;1,30
Miocene;Miocene reef front;CDG10c;Porites;2,46
Miocene;Miocene reef front;CDG10c;Porites;1,26
Miocene;Miocene reef front;CDG10c;Porites;1,51
Miocene;Miocene reef front;CDG10c;Porites;1,45
Miocene;Miocene reef front;CDG10c;Porites;1,56
Miocene;Miocene reef front;CDG10c;Porites;0,90
Miocene;Miocene reef front;CDG10c;Porites;0,82
Miocene;Miocene reef front;CDG10c;Porites;0,76
Miocene;Miocene reef front;CDG10c;Porites;1,07
Miocene;Miocene reef front;CDG12;Porites;2,11
Miocene;Miocene reef front;CDG12;Porites;2,37
Miocene;Miocene reef front;CDG12;Porites;1,75
Miocene;Miocene reef front;CDG12;Porites;1,92
Miocene;Miocene reef front;CDG12;Porites;2,77
Miocene;Miocene reef front;CDG12;Porites;2,15
Miocene;Miocene reef front;CDG12;Porites;1,90
Miocene;Miocene reef front;CDG12;Porites;2,86
Miocene;Miocene reef front;CDG12;Porites;1,65
Miocene;Miocene reef front;CDG12;Porites;2,70
Miocene;Miocene reef front;CDG12;Porites;2,23
Miocene;Miocene reef front;CDG12;Porites;1,83
Miocene;Miocene reef front;CDG12;Porites;1,84
Miocene;Miocene reef front;CDG12;Porites;1,56
Miocene;Miocene reef front;CDG12;Porites;1,81
Miocene;Miocene reef front;CDG12;Porites;1,89
Miocene;Miocene reef front;CDG12;Porites;1,50
Miocene;Miocene reef front;CDG12;Porites;2,75
Miocene;Miocene reef front;CDG12;Porites;3,08
Miocene;Miocene reef front;CDG12;Porites;2,39
Miocene;Miocene reef front;CDG12;Porites;1,43
Miocene;Miocene reef front;CDG12;Porites;2,30
Miocene;Miocene reef front;CDG12;Porites;1,54
Miocene;Miocene reef front;CDG12;Porites;2,67
Miocene;Miocene reef front;CDG12;Porites;1,82
Miocene;Miocene reef front;CDG12;Porites;2,11
Miocene;Miocene reef front;CDG12;Porites;2,37
Miocene;Miocene reef front;CDG12;Porites;1,75
Miocene;Miocene reef front;CDG12;Porites;1,92
Miocene;Miocene reef front;CDG12;Porites;2,77
Miocene;Miocene reef front;CDG12;Porites;2,15
Miocene;Miocene reef front;CDG12;Porites;1,9
Miocene;Miocene reef front;CDG12;Porites;2,86
Miocene;Miocene reef front;CDG12;Porites;1,65
Miocene;Miocene reef front;CDG12;Porites;2,7
Miocene;Miocene reef front;CDG12;Porites;2,23
Miocene;Miocene reef front;CDG12;Porites;1,83
Miocene;Miocene reef front;CDG12;Porites;1,84
Miocene;Miocene reef front;CDG12;Porites;1,56
Miocene;Miocene reef front;CDG12;Porites;1,81
Miocene;Miocene reef front;CDG12;Porites;1,89
Miocene;Miocene reef front;CDG12;Porites;1,5
Miocene;Miocene reef front;CDG12;Porites;2,75
Miocene;Miocene reef front;CDG12;Porites;3,08
Miocene;Miocene reef front;CDG12;Porites;2,39
Miocene;Miocene reef front;CDG12;Porites;1,43
Miocene;Miocene reef front;CDG12;Porites;2,3
Miocene;Miocene reef front;CDG12;Porites;1,54
Miocene;Miocene reef front;CDG12;Porites;2,67
Miocene;Miocene proximal slope;LCD1;Porites;1,64
Miocene;Miocene proximal slope;LCD1;Porites;1,28
Miocene;Miocene proximal slope;LCD1;Porites;1,04
Miocene;Miocene proximal slope;LCD1;Porites;1,3
Miocene;Miocene proximal slope;LCD1;Porites;0,99
Miocene;Miocene proximal slope;LCD1;Porites;1,14
Miocene;Miocene proximal slope;LCD1;Porites;1,07
Miocene;Miocene proximal slope;LCD1;Porites;1,33
Miocene;Miocene proximal slope;LCD1;Porites;1,52
Miocene;Miocene proximal slope;LCD1;Porites;1,07
Miocene;Miocene proximal slope;LCD1;Porites;1,18
Miocene;Miocene proximal slope;LCD1;Porites;1,63
Miocene;Miocene proximal slope;LCD1;Porites;1,69
Miocene;Miocene proximal slope;LCD1;Porites;1,83
Miocene;Miocene proximal slope;LCD1;Porites;1,62
Miocene;Miocene proximal slope;LCD1;Porites;1,5
Miocene;Miocene proximal slope;LCD1;Porites;1,86
Miocene;Miocene proximal slope;LCD2;Porites;2,95
Miocene;Miocene proximal slope;LCD2;Porites;2,76
Miocene;Miocene proximal slope;LCD2;Porites;2,18
Miocene;Miocene proximal slope;LCD2;Porites;2,4
Miocene;Miocene proximal slope;LCD2;Porites;2,15
Miocene;Miocene proximal slope;LCD2;Porites;2,44
Miocene;Miocene proximal slope;LCD3;Porites;1,52
Miocene;Miocene proximal slope;LCD3;Porites;1,4
Miocene;Miocene proximal slope;LCD3;Porites;1,47
Miocene;Miocene proximal slope;LCD3;Porites;2,65
Miocene;Miocene proximal slope;LCD3;Porites;1,4
Miocene;Miocene proximal slope;LCD3;Porites;1,14
Miocene;Miocene proximal slope;LCD3;Porites;1,12
Miocene;Miocene proximal slope;LCD3;Porites;1,28
Miocene;Miocene proximal slope;LCD3;Porites;1,21
Miocene;Miocene proximal slope;LCD3;Porites;1,4
Miocene;Miocene proximal slope;LCD3;Porites;1,52
Miocene;Miocene proximal slope;LCD3;Porites;1,5
Miocene;Miocene proximal slope;LCD3;Porites;0,91
Miocene;Miocene proximal slope;LCD3;Porites;1,38
Miocene;Miocene proximal slope;LCD3;Porites;1,96
Miocene;Miocene proximal slope;LCD3;Porites;1,18
Miocene;Miocene proximal slope;LCD3;Porites;1,57
Miocene;Miocene proximal slope;LCD3;Porites;1,28
Miocene;Miocene proximal slope;LCD3;Porites;1,59
Miocene;Miocene proximal slope;CDG12;Porites;2,8
Miocene;Miocene proximal slope;LCD4;Porites;2,14
Miocene;Miocene proximal slope;LCD4;Porites;1,82
Miocene;Miocene proximal slope;LCD4;Porites;1,62
Miocene;Miocene proximal slope;LCD4;Porites;1,6
Miocene;Miocene proximal slope;LCD4;Porites;1,25
Miocene;Miocene proximal slope;LCD4;Porites;1,21
Miocene;Miocene proximal slope;LCD4;Porites;1,48
Miocene;Miocene proximal slope;LCD4;Porites;2,02
Miocene;Miocene proximal slope;LCD4;Porites;1,77
Miocene;Miocene proximal slope;LCD4;Porites;1,34
Miocene;Miocene proximal slope;LCD4;Porites;1,3
Miocene;Miocene proximal slope;LCD4;Porites;1,09
Miocene;Miocene proximal slope;LCD4;Porites;1,37
Miocene;Miocene proximal slope;LCD4;Porites;1,33
Miocene;Miocene proximal slope;LCD5;Porites;2,92
Miocene;Miocene proximal slope;LCD5;Porites;1,65
Miocene;Miocene proximal slope;LCD5;Porites;1,45
Miocene;Miocene back reef;TD1;Porites;1,51
Miocene;Miocene back reef;TD1;Porites;1,57
Miocene;Miocene back reef;TD1;Porites;1,11
Miocene;Miocene back reef;TD1;Porites;1,03
Miocene;Miocene back reef;TD1;Porites;1,34
Miocene;Miocene back reef;TD2;Porites;1,04
Miocene;Miocene back reef;TD2;Porites;1,07
Miocene;Miocene back reef;TD2;Porites;0,87
Miocene;Miocene back reef;TD2;Porites;0,94
Miocene;Miocene back reef;TD2;Porites;0,78
Miocene;Miocene back reef;TD2;Porites;1,04
Miocene;Miocene back reef;TD2;Porites;1,11
Miocene;Miocene back reef;TD4;Porites;1,33
Miocene;Miocene back reef;TD4;Porites;1,71
Miocene;Miocene back reef;TD4;Porites;1,27
Miocene;Miocene back reef;TD4;Porites;1,25
Miocene;Miocene back reef;TD4;Porites;1,52
Miocene;Miocene back reef;TD4;Porites;1,22
Miocene;Miocene back reef;TD4;Porites;1,94
Miocene;Miocene back reef;TD4;Porites;1,52
Miocene;Miocene back reef;TD4;Porites;1,21
Miocene;Miocene back reef;TD4;Porites;1,47
Miocene;Miocene back reef;TD4;Porites;1,47
Miocene;Miocene back reef;TD4;Porites;1,38
Miocene;Miocene back reef;TD4;Porites;1,42
Miocene;Miocene back reef;TD4;Porites;1,59
Miocene;Miocene back reef;TD4;Porites;1,78
Miocene;Miocene back reef;TD4;Porites;1,77
Miocene;Miocene back reef;TD4;Porites;1,55
Miocene;Miocene back reef;TD4;Porites;1,87
Miocene;Miocene back reef;TD4;Porites;1,6
Miocene;Miocene back reef;TD4;Porites;1,87
Miocene;Miocene back reef;TD4;Porites;1,65
Miocene;Miocene back reef;TD4;Porites;1,68
Miocene;Miocene back reef;TD4;Porites;1,89
Miocene;Miocene back reef;TD4;Porites;1,46
Miocene;Miocene back reef;TD4;Porites;2,09
Miocene;Miocene back reef;TD5;Porites;0,86
Miocene;Miocene back reef;TD5;Porites;0,89
Miocene;Miocene back reef;TD5;Porites;1,05
Miocene;Miocene back reef;TD5;Porites;1,88
Miocene;Miocene back reef;TD5;Porites;1,78
Miocene;Miocene back reef;TD5;Porites;1,63
Miocene;Miocene back reef;TD5;Porites;1,64
Miocene;Miocene back reef;TD5;Porites;1,83
Miocene;Miocene back reef;TD5;Porites;1,05
Miocene;Miocene back reef;TD5;Porites;1,36
Miocene;Miocene back reef;TD5;Porites;0,95
Miocene;Miocene back reef;TD5;Porites;1,19
Miocene;Miocene back reef;TD5;Porites;0,99
Miocene;Miocene back reef;TD5;Porites;1,48
Miocene;Miocene back reef;TD6;Porites;1,95
Miocene;Miocene back reef;TD6;Porites;1,35
Miocene;Miocene back reef;TD6;Porites;1,47
Miocene;Miocene back reef;TD6;Porites;1,24
Miocene;Miocene back reef;TD7;Porites;1,13
Miocene;Miocene back reef;TD7;Porites;1,73
Miocene;Miocene back reef;TD7;Porites;1,07
Miocene;Miocene back reef;TD7;Porites;1,21
Miocene;Miocene back reef;TD7;Porites;1,94
Miocene;Miocene back reef;TD7;Porites;1,48
Miocene;Miocene back reef;TD7;Porites;1,76
Oligocene;Oligocene proximal slope;PMD1;Poriticae;3,06
Oligocene;Oligocene proximal slope;PMD1;Poriticae;3,4
Oligocene;Oligocene proximal slope;PMD1;Poriticae;2,91
Oligocene;Oligocene proximal slope;PMD1;Poriticae;2,53
Oligocene;Oligocene proximal slope;PMD1;Poriticae;4,05
Oligocene;Oligocene proximal slope;PMD1;Poriticae;4,37
Oligocene;Oligocene proximal slope;PMD1;Poriticae;5,02
Oligocene;Oligocene proximal slope;PMD1;Poriticae;5,47
Oligocene;Oligocene proximal slope;PMD2;Poriticae;3,25
Oligocene;Oligocene proximal slope;PMD2;Poriticae;2,41
Oligocene;Oligocene proximal slope;PMD2;Poriticae;1,78
Oligocene;Oligocene proximal slope;PMD2;Poriticae;1,51
Oligocene;Oligocene proximal slope;PMD2;Poriticae;1,4
Oligocene;Oligocene proximal slope;PMD2;Poriticae;0,78
Oligocene;Oligocene proximal slope;PMD2;Poriticae;0,51
Oligocene;Oligocene proximal slope;PMD2;Poriticae;0,84
Oligocene;Oligocene proximal slope;PMD2;Poriticae;2,22
Oligocene;Oligocene proximal slope;PMD2;Poriticae;1,66
Oligocene;Oligocene proximal slope;PMD2;Poriticae;1,32
Oligocene;Oligocene proximal slope;PMD2;Poriticae;0,91
Oligocene;Oligocene proximal slope;PMD2;Poriticae;1,77
Oligocene;Oligocene proximal slope;PMD2;Poriticae;1,56
Oligocene;Oligocene proximal slope;PMD2;Poriticae;3,19
Oligocene;Oligocene proximal slope;PMD2;Poriticae;1,43
Oligocene;Oligocene proximal slope;PMD2;Poriticae;1,46
Oligocene;Oligocene proximal slope;PMD2;Poriticae;1,35
Oligocene;Oligocene proximal slope;PMD2;Poriticae;1,82
Oligocene;Oligocene proximal slope;PMD2;Poriticae;1,46
Oligocene;Oligocene proximal slope;PMD2;Poriticae;1,35
Oligocene;Oligocene proximal slope;PMD2;Poriticae;1,82
Oligocene;Oligocene proximal slope;PMD2;Poriticae;1,98
Oligocene;Oligocene proximal slope;PMD3;Poriticae;0,8
Oligocene;Oligocene proximal slope;PMD3;Poriticae;1,15
Oligocene;Oligocene proximal slope;PMD3;Poriticae;1,64
Oligocene;Oligocene proximal slope;PMD3;Poriticae;1,2
Oligocene;Oligocene proximal slope;PMD3;Poriticae;1,46
Oligocene;Oligocene proximal slope;PMD3;Poriticae;1,02
Oligocene;Oligocene proximal slope;PMD3;Poriticae;1,67
Oligocene;Oligocene proximal slope;PMD3;Poriticae;1,09
Oligocene;Oligocene proximal slope;PMD3;Poriticae;1,12
Oligocene;Oligocene proximal slope;PMD4;Porites;2,45
Oligocene;Oligocene proximal slope;PMD4;Porites;2,95
Oligocene;Oligocene proximal slope;PMD4;Porites;1,82
Oligocene;Oligocene proximal slope;PMD4;Porites;2,47
Oligocene;Oligocene proximal slope;PMD4;Porites;2,44
Oligocene;Oligocene proximal slope;PMD4;Porites;2,91
Oligocene;Oligocene proximal slope;PMD4;Porites;1,66
Oligocene;Oligocene proximal slope;PMD4;Porites;1,36
Oligocene;Oligocene proximal slope;PMD4;Porites;1,06
Oligocene;Oligocene proximal slope;PMD4;Porites;1,24
Oligocene;Oligocene proximal slope;PMD4;Porites;2,22
Oligocene;Oligocene proximal slope;PMD4;Porites;1,79
Oligocene;Oligocene proximal slope;PMD4;Porites;2,17
Oligocene;Oligocene proximal slope;PMD4;Porites;3,02
Oligocene;Oligocene proximal slope;PMD5;Poriticae;3,07
Oligocene;Oligocene proximal slope;PMD5;Poriticae;2,25
Oligocene;Oligocene proximal slope;PMD5;Poriticae;2,32
Oligocene;Oligocene proximal slope;PMD5;Poriticae;3,15
Oligocene;Oligocene proximal slope;PMD5;Poriticae;2,55
Oligocene;Oligocene proximal slope;PMD5;Poriticae;2,11
Oligocene;Oligocene proximal slope;PMD5;Poriticae;2,44
Oligocene;Oligocene proximal slope;PMD5;Poriticae;2,19
Oligocene;Oligocene proximal slope;PMD5;Poriticae;2,18
Oligocene;Oligocene proximal slope;PMD5;Poriticae;1,96
Oligocene;Oligocene proximal slope;PMD5;Poriticae;2,98
Oligocene;Oligocene proximal slope;PMD5;Poriticae;2,16
Oligocene;Oligocene proximal slope;PMD5;Poriticae;1,92
Oligocene;Oligocene proximal slope;PMD6;Poriticae;2,33
Oligocene;Oligocene proximal slope;PMD6;Poriticae;2,61
Oligocene;Oligocene proximal slope;PMD6;Poriticae;2,63
Oligocene;Oligocene proximal slope;PMD6;Poriticae;2,29
Oligocene;Oligocene proximal slope;PMD6;Poriticae;2
Oligocene;Oligocene proximal slope;PMD7;Poriticae;1,91
Oligocene;Oligocene proximal slope;PMD7;Poriticae;1,41
Oligocene;Oligocene proximal slope;PMD7;Poriticae;1,21
Oligocene;Oligocene proximal slope;PMD7;Poriticae;1,24
Oligocene;Oligocene proximal slope;PMD7;Poriticae;1,35
Oligocene;Oligocene proximal slope;PMD7;Poriticae;1,27
Oligocene;Oligocene proximal slope;PMD8;Poriticae;1,95
Oligocene;Oligocene proximal slope;PMD8;Poriticae;2,32
Oligocene;Oligocene proximal slope;PMD8;Poriticae;2,36
Oligocene;Oligocene proximal slope;PMD8;Poriticae;2,35
Oligocene;Oligocene proximal slope;PMD8;Poriticae;2,7
Oligocene;Oligocene proximal slope;PMD8;Poriticae;2,48
Oligocene;Oligocene proximal slope;PMD8;Poriticae;1,83
Oligocene;Oligocene proximal slope;PMD8;Poriticae;2,12
Oligocene;Oligocene proximal slope;PMD8;Poriticae;2,53
Oligocene;Oligocene proximal slope;PMD8;Poriticae;2,42
Oligocene;Oligocene reef flat;LSD1;Poriticae;1,62
Oligocene;Oligocene reef flat;LSD1;Poriticae;1,53
Oligocene;Oligocene reef flat;LSD1;Poriticae;1,54
Oligocene;Oligocene reef flat;LSD1;Poriticae;1,46
Oligocene;Oligocene reef flat;LSD1;Poriticae;1,43
Oligocene;Oligocene reef flat;LSD1;Poriticae;0,95
Oligocene;Oligocene reef flat;LSD1;Poriticae;1,12
Oligocene;Oligocene reef flat;LSD1;Poriticae;1,23
Oligocene;Oligocene reef flat;LSD1;Poriticae;2,08
Oligocene;Oligocene reef flat;LSD1;Poriticae;1,14
Oligocene;Oligocene reef flat;LSD1;Poriticae;1,52
Oligocene;Oligocene reef flat;LSD1;Poriticae;1,59
Oligocene;Oligocene reef flat;LSD1;Poriticae;1,22
Oligocene;Oligocene reef flat;LSD2;Poriticae;1,03
Oligocene;Oligocene reef flat;LSD2;Poriticae;1,43
Oligocene;Oligocene reef flat;LSD2;Poriticae;0,95
Oligocene;Oligocene reef flat;LSD2;Poriticae;1,01
Oligocene;Oligocene reef flat;LSD2;Poriticae;1,1
Oligocene;Oligocene reef flat;LSD2;Poriticae;0,97
Oligocene;Oligocene reef flat;LSD2;Poriticae;1,21
Oligocene;Oligocene reef flat;LSD2;Poriticae;1,28
Oligocene;Oligocene reef flat;LSD2;Poriticae;1,41
Oligocene;Oligocene reef flat;LSD2;Poriticae;1,17
Oligocene;Oligocene reef flat;LSD2;Poriticae;1,25
Oligocene;Oligocene reef flat;LSD2;Poriticae;1,39
Oligocene;Oligocene reef flat;LSD2;Poriticae;1,21
Oligocene;Oligocene reef flat;LSD3;Poriticae;2,59
Oligocene;Oligocene reef flat;LSD3;Poriticae;2,37
Oligocene;Oligocene reef flat;LSD3;Poriticae;2,02
Oligocene;Oligocene reef flat;LSD3;Poriticae;2,23
Oligocene;Oligocene reef flat;LSD3;Poriticae;2,82
Oligocene;Oligocene reef flat;LSD3;Poriticae;2,72
Oligocene;Oligocene reef flat;LSD3;Poriticae;2,1
Oligocene;Oligocene reef flat;LSD3;Poriticae;2,26
Oligocene;Oligocene back reef;VD1;Porites;3,47
Oligocene;Oligocene back reef;VD1;Porites;5,42
Oligocene;Oligocene back reef;VD1;Porites;4,26
Oligocene;Oligocene back reef;VD1;Porites;3,73
Oligocene;Oligocene back reef;VD1;Porites;4,26
Oligocene;Oligocene back reef;VD1;Porites;4,39
Oligocene;Oligocene back reef;VD1;Porites;2,89
Oligocene;Oligocene back reef;VD1;Porites;3,9
Oligocene;Oligocene back reef;VD1;Porites;3,62
Oligocene;Oligocene back reef;VD1;Porites;4,2
Oligocene;Oligocene back reef;VD1;Porites;3,13
Oligocene;Oligocene back reef;VD1;Porites;3,33
Oligocene;Oligocene back reef;VD1;Porites;4,07
Oligocene;Oligocene back reef;VD1;Porites;4,42
Oligocene;Oligocene back reef;VD1;Porites;5,03
Oligocene;Oligocene back reef;VD1;Porites;3,28
Oligocene;Oligocene back reef;VD1;Porites;2,67
Oligocene;Oligocene back reef;VD1;Porites;2,59
Oligocene;Oligocene back reef;VD1;Porites;3,96
Oligocene;Oligocene back reef;VD1;Porites;3,95
Oligocene;Oligocene back reef;VD1;Porites;2,93
Oligocene;Oligocene back reef;VD1;Porites;3,24
Oligocene;Oligocene back reef;VD1;Porites;2,32
Oligocene;Oligocene back reef;VD1;Porites;2,94
Oligocene;Oligocene back reef;VD1;Porites;2,58
Oligocene;Oligocene back reef;VD1;Porites;3,89
Oligocene;Oligocene back reef;VD1;Porites;3,67
Oligocene;Oligocene back reef;VD1;Porites;4,76
Oligocene;Oligocene back reef;VD1;Porites;4,42
Oligocene;Oligocene back reef;VD1;Porites;3,99
Oligocene;Oligocene back reef;VD1;Porites;2,93
Oligocene;Oligocene back reef;VD1;Porites;2,86
Oligocene;Oligocene back reef;VD1;Porites;4,42
Oligocene;Oligocene back reef;VD1;Porites;2,57
Oligocene;Oligocene back reef;VD1;Porites;3,53
Oligocene;Oligocene back reef;VD1;Porites;2,98
Oligocene;Oligocene back reef;VD1;Porites;2,64
Oligocene;Oligocene back reef;VD1;Porites;3,82
Oligocene;Oligocene back reef;VD1;Porites;4,49
Oligocene;Oligocene back reef;VD2;Porites;5,8
Oligocene;Oligocene back reef;VD2;Porites;3,64
Oligocene;Oligocene back reef;VD2;Porites;4,72
Oligocene;Oligocene back reef;VD2;Porites;4,35
Oligocene;Oligocene back reef;VD2;Porites;4,9
Oligocene;Oligocene back reef;VD2;Porites;2,91
Oligocene;Oligocene back reef;VD2;Porites;2,07
Oligocene;Oligocene back reef;VD2;Porites;3,33
Oligocene;Oligocene back reef;VD2;Porites;1,66
Oligocene;Oligocene back reef;VD2;Porites;1,34
Oligocene;Oligocene back reef;VD2;Porites;3,49
Oligocene;Oligocene back reef;VD2;Porites;3,27
Oligocene;Oligocene back reef;VD2;Porites;4,49
Oligocene;Oligocene back reef;VD2;Porites;4,41
Oligocene;Oligocene back reef;VD2;Porites;4,34
Oligocene;Oligocene back reef;VD2;Porites;4,15
Oligocene;Oligocene back reef;VD2;Porites;3,78
Oligocene;Oligocene back reef;VD2;Porites;4,2
Oligocene;Oligocene back reef;VD2;Porites;3,95
Oligocene;Oligocene back reef;VD2;Porites;4,61
Oligocene;Oligocene back reef;VD2;Porites;3,52
Oligocene;Oligocene back reef;VD2;Porites;1,98
Oligocene;Oligocene back reef;VD2;Porites;2,72
Oligocene;Oligocene back reef;VD2;Porites;3,97
Oligocene;Oligocene back reef;VD2;Porites;2,11
Oligocene;Oligocene back reef;VD2;Porites;0,83
Oligocene;Oligocene back reef;VD2;Porites;3,52
Oligocene;Oligocene back reef;VD2;Porites;5,62
Oligocene;Oligocene back reef;VD2;Porites;4,27
Oligocene;Oligocene back reef;VD2;Porites;2,43
Oligocene;Oligocene back reef;VD2;Porites;2,37
Oligocene;Oligocene back reef;VD2;Porites;2,67
Oligocene;Oligocene back reef;VD2;Porites;2,86
Oligocene;Oligocene back reef;VD2;Porites;3,29
Oligocene;Oligocene back reef;VD2;Porites;3,98
Oligocene;Oligocene back reef;VD2;Porites;3,54
Oligocene;Oligocene back reef;VD2;Porites;2,63
Oligocene;Oligocene back reef;VD2;Porites;3,74
Oligocene;Oligocene back reef;VD2;Porites;3,48
Oligocene;Oligocene back reef;VD2;Porites;3,05
Oligocene;Oligocene back reef;VD2;Porites;3,31
Oligocene;Oligocene back reef;VD2;Porites;2,53
Oligocene;Oligocene back reef;VD3;Porites;5,26
Oligocene;Oligocene back reef;VD3;Porites;4,28
Oligocene;Oligocene back reef;VD3;Porites;5,22
Oligocene;Oligocene back reef;VD3;Porites;5,09
Oligocene;Oligocene back reef;VD3;Porites;5,13
Oligocene;Oligocene back reef;VD3;Porites;3,74
Oligocene;Oligocene back reef;VD3;Porites;3,12
Oligocene;Oligocene back reef;VD3;Porites;4,53
Oligocene;Oligocene back reef;VD3;Porites;4,58
Oligocene;Oligocene back reef;VD4;Porites;2,33
Oligocene;Oligocene back reef;VD4;Porites;2,79
Oligocene;Oligocene back reef;VD4;Porites;1,19
Oligocene;Oligocene back reef;VD4;Porites;2,27
Oligocene;Oligocene back reef;VD4;Porites;3,19
Oligocene;Oligocene back reef;VD4;Porites;2,67
Oligocene;Oligocene back reef;VD4;Porites;3,04
Oligocene;Oligocene back reef;VD4;Porites;2,91
Oligocene;Oligocene back reef;VD4;Porites;2,82
Oligocene;Oligocene back reef;VD4;Porites;3,33
Oligocene;Oligocene back reef;VD4;Porites;2,78
Oligocene;Oligocene back reef;VD4;Porites;2,74
Oligocene;Oligocene back reef;VD4;Porites;2,28
Oligocene;Oligocene back reef;VD4;Porites;2,29
Oligocene;Oligocene back reef;VD4;Porites;2,86
Oligocene;Oligocene back reef;VD4;Porites;2,41
Oligocene;Oligocene back reef;VD4;Porites;2,89
Oligocene;Oligocene back reef;VD4;Porites;3,2
Oligocene;Oligocene back reef;VD4;Porites;3,02
Oligocene;Oligocene back reef;VD4;Porites;2,69
Oligocene;Oligocene back reef;VD4;Porites;1,7
Oligocene;Oligocene back reef;VD4;Porites;2,25
Oligocene;Oligocene back reef;VD4;Porites;2,55
Oligocene;Oligocene back reef;VD4;Porites;1,18
Oligocene;Oligocene back reef;VD4;Porites;1,78
Oligocene;Oligocene back reef;VD4;Porites;1,88
Oligocene;Oligocene back reef;VD4;Porites;1,53
Oligocene;Oligocene back reef;VD4;Porites;1,84
Oligocene;Oligocene back reef;VD4;Porites;2
Oligocene;Oligocene back reef;VD4;Porites;1,85
Oligocene;Oligocene back reef;VD4;Porites;1,28
Oligocene;Oligocene back reef;VD4;Porites;1,76
Oligocene;Oligocene back reef;VD4;Porites;1,54
Oligocene;Oligocene back reef;VD4;Porites;1,71
Oligocene;Oligocene back reef;VD4;Porites;2,54
Oligocene;Oligocene back reef;VD4;Porites;1,95
Oligocene;Oligocene back reef;VD4;Porites;1,68
Oligocene;Oligocene back reef;VD5;Pavona;3,7
Oligocene;Oligocene back reef;VD5;Pavona;4,61
Oligocene;Oligocene back reef;VD5;Pavona;4,11
Oligocene;Oligocene back reef;VD5;Pavona;3,6
Oligocene;Oligocene back reef;VD5;Pavona;3,16
Oligocene;Oligocene back reef;VD5;Pavona;3,04
Oligocene;Oligocene back reef;VD5;Pavona;3,65
Oligocene;Oligocene back reef;VD5;Pavona;3,18
Oligocene;Oligocene back reef;VD5;Pavona;3,64
Oligocene;Oligocene back reef;VD5;Pavona;3,29
Oligocene;Oligocene back reef;VD5;Pavona;2,93
Oligocene;Oligocene back reef;VD5;Pavona;2,58
Oligocene;Oligocene back reef;VD5;Pavona;4,14
Oligocene;Oligocene back reef;VD5;Pavona;3,33
Oligocene;Oligocene back reef;VD5;Pavona;2,73
Oligocene;Oligocene back reef;VD5;Pavona;4,77
Oligocene;Oligocene back reef;VD5;Pavona;3,85
Oligocene;Oligocene back reef;VD6;Actinacis;1,02
Oligocene;Oligocene back reef;VD6;Actinacis;2,39
Oligocene;Oligocene back reef;VD6;Actinacis;2,22
Oligocene;Oligocene back reef;VD6;Actinacis;2,19
Oligocene;Oligocene back reef;VD6;Actinacis;1,91
Oligocene;Oligocene back reef;VD6;Actinacis;2,25
Oligocene;Oligocene back reef;VD6;Actinacis;2,45
Oligocene;Oligocene back reef;VD6;Actinacis;2,38
Oligocene;Oligocene back reef;VD6;Actinacis;1,73
Oligocene;Oligocene back reef;VD6;Actinacis;2,5
Oligocene;Oligocene back reef;VD6;Actinacis;1,78
Oligocene;Oligocene back reef;VD6;Actinacis;1,1
Oligocene;Oligocene back reef;VD6;Actinacis;0,83
Oligocene;Oligocene back reef;VD6;Actinacis;1,52
Oligocene;Oligocene back reef;VD6;Actinacis;2,08
Oligocene;Oligocene back reef;VD6;Actinacis;1,69
Oligocene;Oligocene back reef;VD6;Actinacis;1,59
Oligocene;Oligocene back reef;VD6;Actinacis;1,67
Oligocene;Oligocene back reef;VD6;Actinacis;1,61
Oligocene;Oligocene back reef;VD6;Actinacis;2,78
Oligocene;Oligocene back reef;VD6;Actinacis;1,76
Oligocene;Oligocene back reef;VD6;Actinacis;1,43
Oligocene;Oligocene back reef;VD6;Actinacis;1,64
Oligocene;Oligocene back reef;VD6;Actinacis;1,54
Oligocene;Oligocene back reef;VD6;Actinacis;2,09
Oligocene;Oligocene back reef;VD6;Actinacis;3,89
Oligocene;Oligocene back reef;VD6;Actinacis;3,49
Oligocene;Oligocene back reef;VD6;Actinacis;1,38
Oligocene;Oligocene back reef;VD6;Actinacis;1,52
Oligocene;Oligocene back reef;VD6;Actinacis;2,08
Oligocene;Oligocene back reef;VD6;Actinacis;2,14
Oligocene;Oligocene back reef;VD6;Actinacis;1,28
Oligocene;Oligocene back reef;VD6;Actinacis;1,8
Oligocene;Oligocene back reef;VD6;Actinacis;3,88
Oligocene;Oligocene back reef;VD6;Actinacis;1
Oligocene;Oligocene back reef;VD6;Actinacis;1,25
Oligocene;Oligocene back reef;VD7;Actinacis;1,51
Oligocene;Oligocene back reef;VD7;Actinacis;1,85
Oligocene;Oligocene back reef;VD7;Actinacis;2,09
Oligocene;Oligocene back reef;VD7;Actinacis;2,52
Oligocene;Oligocene back reef;VD7;Actinacis;2,15
Oligocene;Oligocene back reef;VD7;Actinacis;2,67
Oligocene;Oligocene back reef;VD7;Actinacis;1,12
Oligocene;Oligocene back reef;VD7;Actinacis;1,82
Oligocene;Oligocene back reef;VD7;Actinacis;2,03
Oligocene;Oligocene back reef;VD7;Actinacis;1,58
Oligocene;Oligocene back reef;VD7;Actinacis;1,18
Oligocene;Oligocene back reef;VD7;Actinacis;2,02
Oligocene;Oligocene back reef;VD7;Actinacis;3,1
Oligocene;Oligocene back reef;VD7;Actinacis;2,41
Oligocene;Oligocene back reef;VD7;Actinacis;2,87
Oligocene;Oligocene back reef;VD7;Actinacis;1,59
Oligocene;Oligocene back reef;VD7;Actinacis;1,65
Oligocene;Oligocene back reef;VD7;Actinacis;1,63
Oligocene;Oligocene back reef;VD7;Actinacis;1,18
Oligocene;Oligocene back reef;VD7;Actinacis;1,03
Oligocene;Oligocene back reef;VD7;Actinacis;2,56
Oligocene;Oligocene back reef;VD7;Actinacis;2,53
Oligocene;Oligocene back reef;VD7;Actinacis;3,33
Oligocene;Oligocene back reef;VD8;Pavona;1,93
Oligocene;Oligocene back reef;VD8;Pavona;1,83
Oligocene;Oligocene back reef;VD8;Pavona;1,79
Oligocene;Oligocene back reef;VD8;Pavona;1,96
Oligocene;Oligocene back reef;VD8;Pavona;1,55
Oligocene;Oligocene back reef;VD8;Pavona;0,75
Oligocene;Oligocene back reef;VD8;Pavona;1,02
Oligocene;Oligocene back reef;VD8;Pavona;0,87
Oligocene;Oligocene back reef;VD8;Pavona;0,69
Oligocene;Oligocene back reef;VD8;Pavona;0,72
Oligocene;Oligocene back reef;VD8;Pavona;0,67
Oligocene;Oligocene back reef;VD8;Pavona;0,88
Oligocene;Oligocene back reef;VD8;Pavona;0,76
Oligocene;Oligocene back reef;VD8;Pavona;0,87
Oligocene;Oligocene back reef;VD8;Pavona;1,05
Oligocene;Oligocene back reef;VD8;Pavona;0,59
Oligocene;Oligocene back reef;VD8;Pavona;0,71
Oligocene;Oligocene back reef;VD8;Pavona;0,54
Oligocene;Oligocene back reef;VD8;Pavona;0,43
Oligocene;Oligocene back reef;VD8;Pavona;0,82
Oligocene;Oligocene back reef;VD8;Pavona;1,02
Oligocene;Oligocene back reef;VD8;Pavona;0,8
Oligocene;Oligocene back reef;VD8;Pavona;0,58
Oligocene;Oligocene back reef;VD8;Pavona;0,45
Oligocene;Oligocene back reef;VD8;Pavona;0,84
Oligocene;Oligocene back reef;VD8;Pavona;0,49
Oligocene;Oligocene back reef;VD8;Pavona;0,8
Oligocene;Oligocene back reef;VD8;Pavona;1,08
Oligocene;Oligocene back reef;VD8;Pavona;1,2
Oligocene;Oligocene back reef;VD8;Pavona;1,25
Oligocene;Oligocene back reef;VD8;Pavona;1,5
Oligocene;Oligocene back reef;VD8;Pavona;1,32
Oligocene;Oligocene back reef;VD8;Pavona;1,25
Oligocene;Oligocene back reef;VD8;Pavona;1,4
Oligocene;Oligocene back reef;VD8;Pavona;1,15
Oligocene;Oligocene back reef;VD8;Pavona;1,3
Oligocene;Oligocene back reef;VD8;Pavona;1,17
Oligocene;Oligocene back reef;VD8;Pavona;1,19
Oligocene;Oligocene back reef;VD8;Pavona;1,13
Oligocene;Oligocene back reef;VD8;Pavona;1,45
Oligocene;Oligocene back reef;VD9;Tarbellastraea;1,87
Oligocene;Oligocene back reef;VD9;Tarbellastraea;2,61
Oligocene;Oligocene back reef;VD9;Tarbellastraea;3,01
Oligocene;Oligocene back reef;VD9;Tarbellastraea;1,59
Oligocene;Oligocene back reef;VD9;Tarbellastraea;2,54
Oligocene;Oligocene back reef;VD9;Tarbellastraea;2,56
Oligocene;Oligocene back reef;VD9;Tarbellastraea;1,58
Oligocene;Oligocene back reef;VD9;Tarbellastraea;2,95
Oligocene;Oligocene back reef;VD9;Tarbellastraea;2,42
Oligocene;Oligocene back reef;VD9;Tarbellastraea;2,32
Oligocene;Oligocene back reef;VD9;Tarbellastraea;1,71
Oligocene;Oligocene back reef;VD10;Porites;3,22
Oligocene;Oligocene back reef;VD10;Porites;2,98
Oligocene;Oligocene back reef;VD10;Porites;3,52
Oligocene;Oligocene back reef;VD10;Porites;5,02
Oligocene;Oligocene back reef;VD10;Porites;4,3
Oligocene;Oligocene back reef;VD10;Porites;4,07
Oligocene;Oligocene back reef;VD10;Porites;3,98
Oligocene;Oligocene back reef;VD10;Porites;3,39
Oligocene;Oligocene back reef;VD10;Porites;3,73
Oligocene;Oligocene back reef;VD10;Porites;3,01
Oligocene;Oligocene back reef;VD10;Porites;3,62
Oligocene;Oligocene back reef;VD10;Porites;4,18
Oligocene;Oligocene back reef;VD10;Porites;3,07
Oligocene;Oligocene back reef;VD10;Porites;3,99
Oligocene;Oligocene back reef;VD10;Porites;3,88
Oligocene;Oligocene back reef;VD10;Porites;5,38
Oligocene;Oligocene back reef;VD10;Porites;3,42
Oligocene;Oligocene back reef;VD10;Porites;2,76
Oligocene;Oligocene back reef;VD10;Porites;3,31
Oligocene;Oligocene back reef;VD10;Porites;2,85
Oligocene;Oligocene back reef;VD10;Porites;2,83
Oligocene;Oligocene back reef;VD10;Porites;3,95
Oligocene;Oligocene back reef;VD10;Porites;3,42
Oligocene;Oligocene back reef;VD10;Porites;3,9
Oligocene;Oligocene back reef;VD10;Porites;4,6
Oligocene;Oligocene back reef;VD11;Tarbellastraea;1,97
Oligocene;Oligocene back reef;VD11;Tarbellastraea;3,9
Oligocene;Oligocene back reef;VD11;Tarbellastraea;3,3
Oligocene;Oligocene back reef;VD11;Tarbellastraea;2,63
Oligocene;Oligocene back reef;VD11;Tarbellastraea;2,64
Oligocene;Oligocene back reef;VD11;Tarbellastraea;2,95
Oligocene;Oligocene back reef;VD11;Tarbellastraea;3,53
Oligocene;Oligocene back reef;VD11;Tarbellastraea;3,19
Oligocene;Oligocene back reef;VD11;Tarbellastraea;2,72
Oligocene;Oligocene back reef;VD11;Tarbellastraea;2,19
Oligocene;Oligocene back reef;VD11;Tarbellastraea;2,55
Oligocene;Oligocene back reef;VD11;Tarbellastraea;2,97
Oligocene;Oligocene back reef;VD11;Tarbellastraea;3,98
Oligocene;Oligocene back reef;VD11;Tarbellastraea;3,12
Oligocene;Oligocene back reef;VD11;Tarbellastraea;3,68
Oligocene;Oligocene back reef;VD11;Tarbellastraea;2,4
Oligocene;Oligocene back reef;VD11;Tarbellastraea;3,8
Oligocene;Oligocene back reef;VD11;Tarbellastraea;3,42
Oligocene;Oligocene back reef;VD11;Tarbellastraea;4,07
Oligocene;Oligocene back reef;VD11;Tarbellastraea;2,82
Oligocene;Oligocene back reef;VD11;Tarbellastraea;2,92
Oligocene;Oligocene back reef;VD11;Tarbellastraea;2,99
Oligocene;Oligocene back reef;VD11;Tarbellastraea;2,84
Oligocene;Oligocene back reef;VD11;Tarbellastraea;2,89
Oligocene;Oligocene back reef;VD11;Tarbellastraea;2,71
Oligocene;Oligocene back reef;VD11;Tarbellastraea;3,14
Oligocene;Oligocene back reef;VD11;Tarbellastraea;3,35
Oligocene;Oligocene back reef;VD11;Tarbellastraea;2,67
Oligocene;Oligocene back reef;VD11;Tarbellastraea;2,65
Oligocene;Oligocene back reef;VD11;Tarbellastraea;3,85
Oligocene;Oligocene back reef;VD11;Tarbellastraea;5,08
Oligocene;Oligocene back reef;VD11;Tarbellastraea;4,85
Oligocene;Oligocene back reef;VD11;Tarbellastraea;3,41
Oligocene;Oligocene back reef;VD11;Tarbellastraea;3,92
Oligocene;Oligocene back reef;VD11;Tarbellastraea;4,11
Oligocene;Oligocene back reef;VD11;Tarbellastraea;3,83
Oligocene;Oligocene back reef;VD11;Tarbellastraea;4,59
Oligocene;Oligocene back reef;VD11;Tarbellastraea;4,14
Oligocene;Oligocene back reef;VD12;Porites;1,98
Oligocene;Oligocene back reef;VD12;Porites;8,5
Oligocene;Oligocene back reef;VD12;Porites;5,44
Oligocene;Oligocene back reef;VD12;Porites;4,62
Oligocene;Oligocene back reef;VD12;Porites;2,7
Oligocene;Oligocene back reef;VD12;Porites;4,1
Oligocene;Oligocene back reef;VD12;Porites;2,85
Oligocene;Oligocene back reef;VD12;Porites;1,99
Oligocene;Oligocene back reef;VD12;Porites;3,05
Oligocene;Oligocene back reef;VD12;Porites;2,96
Oligocene;Oligocene back reef;VD12;Porites;3,46
Oligocene;Oligocene back reef;VD12;Porites;3,77
Oligocene;Oligocene back reef;VD12;Porites;2,9
Oligocene;Oligocene back reef;VD12;Porites;2,96
Oligocene;Oligocene back reef;VD12;Porites;2,82
Oligocene;Oligocene back reef;VD12;Porites;2,88
Oligocene;Oligocene back reef;VD12;Porites;2,28
Oligocene;Oligocene back reef;VD12;Porites;2,85
Oligocene;Oligocene back reef;VD12;Porites;4,4
Oligocene;Oligocene back reef;VD12;Porites;4,1
Oligocene;Oligocene back reef;VD12;Porites;3,89
Oligocene;Oligocene back reef;VD12;Porites;2,99
Oligocene;Oligocene back reef;VD12;Porites;3,34
Oligocene;Oligocene back reef;VD12;Porites;4,41
Oligocene;Oligocene back reef;VD12;Porites;4,54
