time;mean growth;genus;specimen_id;reef section
Oligocene;3,629487179;Porites;VD1;back reef
Oligocene;3,42452381;Porites;VD2;back reef
Oligocene;4,55;Porites;VD3;back reef
Oligocene;2,28972973;Porites;VD4;back reef
Oligocene;3,547647059;Pavona?;VD5;back reef
Oligocene;1,940555556;Actinacis;VD6;back reef
Oligocene;2,836086957;Actinacis;VD7;back reef
Oligocene;1,045;Pavona?;VD8;back reef
Oligocene;2,287272727;Tarbellastraea;VD9;back reef
Oligocene;3,6952;Porites;VD10;back reef
Oligocene;3,309736842;Tarbellastraea;VD11;back reef
Oligocene;3,5912;Porites;VD12;back reef
Oligocene;5,472876712;Actinacis;SC1;reef front
Oligocene;2,739090909;Porites;SC4;reef front
Oligocene;5,605066667;Porites;SC5;reef front
Oligocene;4,7788;Porites;SC6;reef front
Oligocene;2,68;Actinacis;SC7;reef front
Oligocene;3,5753125;Porites;SC8;reef front
Oligocene;2,018125;Actinacis;SC9;reef front
Oligocene;2,704166667;hallo;SC13;reef front
Oligocene;2,855588235;Actinacis;SC14;reef front
Oligocene;2,111428571;Porites;PMD4;proximal slope
Miocene;1,312;Porites;TD1;back reef
Miocene;0,978571429;Porites;TD2;back reef
Miocene;1,5804;Porites;TD4;back reef
Miocene;1,327142857;Porites;TD5;back reef
Miocene;1,5025;Porites;TD6;back reef
Miocene;1,474285714;Porites;TD7;back reef
Miocene;1,252446633;Porites;CDG1;reef front
Miocene;2,439710164;Porites;CDG2;reef front
Miocene;2,661275;Porites;CDG3;reef front
Miocene;2,595078811;Porites;CDG4;reef front
Miocene;1,615714427;Porites;CDG5;reef front
Miocene;1,612408904;Porites;CDG6;reef front
Miocene;2,091789177;Porites;CDG7;reef front
Miocene;1,263686503;Porites;CDG9;reef front
Miocene;1,301693249;Porites;CDG10;reef front
Miocene;2,125;Porites;CDG12;reef front
Miocene;1,393529412;Porites;LCD1;proximal slope
Miocene;2,48;Porites;LCD2;proximal slope
Miocene;1,446315789;Porites;LCD3;proximal slope
Miocene;1,609333333;Porites;LCD4;proximal slope
Miocene;2,006666667;Porites;LCD5;proximal slope
modern;74,8;;;
modern;16,7;;;
modern;69,28;;;
modern;5,6;;;
modern;10;;;
modern;71;;;
modern;7,6;;;
modern;32,5;;;
modern;26;;;
modern;28;;;
modern;5;;;
modern;29,1;;;
modern;25;;;
modern;54;;;
modern;33,5;;;
modern;19,28;;;
modern;13,2;;;
modern;4,6;;;
modern;12,5;;;
modern;7,8;;;
modern;13,5;;;
modern;29;;;
modern;22;;;
modern;17;;;
modern;7;;;
modern;4,6;;;
modern;6;;;
modern;5;;;
modern;4,5;;;
modern;6;;;
modern;8,5;;;
modern;6,3;;;
modern;7;;;
modern;8;;;
modern;38;;;
modern;34,8;;;
modern;10,25;;;
modern;7,4;;;
modern;22;;;
modern;10;;;
modern;7,8;;;
modern;6,5;;;
modern;11,5;;;
modern;11;;;
modern;5;;;
modern;5;;;
modern;10;;;
modern;11,5;;;
modern;20;;;
modern;5,25;;;
modern;6;;;
modern;5,5;;;
modern;30;;;
modern;10;;;
modern;50;;;
modern;12;;;
modern;58;;;
modern;8,2;;;
modern;40,3;;;
modern;154,7;;;
modern;3,65;;;
modern;3,52;;;
modern;5,13;;;
modern;9,9;;;
modern;5,13;;;
modern;7,48;;;
modern;9,67;;;
modern;3,55;;;
modern;9,01;;;
modern;3,42;;;
modern;6,05;;;
modern;8,98;;;
modern;2,47;;;
modern;1,4;;;
modern;11,81;;;
modern;6,84;;;
modern;4,06;;;
modern;3,11;;;
modern;4,39;;;
modern;4,95;;;
modern;6,3;;;
modern;8,73;;;
modern;5,15;;;
modern;4,75;;;
modern;3,67;;;
modern;1,94;;;
modern;2,83;;;
modern;6,97;;;
modern;4,26;;;
modern;9,64;;;
modern;3,42;;;
modern;4,26;;;
modern;8,73;;;
modern;4,72;;;
modern;3,9;;;
modern;6,33;;;
modern;2,17;;;
modern;3,95;;;
modern;8,88;;;
modern;7,09;;;
modern;10,1;;;
modern;1,73;;;
modern;9,95;;;
modern;6,66;;;
modern;7,14;;;
modern;5,69;;;
modern;4,98;;;
modern;4,75;;;
modern;15,44;;;
modern;6,56;;;
modern;6,23;;;
modern;11,79;;;
modern;6,02;;;
modern;2,63;;;
modern;2,76;;;
modern;2,81;;;
modern;4,85;;;
modern;5,1;;;
modern;8,65;;;
modern;1,73;;;
modern;6,02;;;
modern;6,61;;;
modern;6,99;;;
modern;11,15;;;
modern;3,32;;;
modern;8,55;;;
modern;0,92;;;
modern;9,11;;;
modern;5,51;;;
modern;1,56;;;
modern;3,27;;;
modern;6,94;;;
modern;3,88;;;
modern;4,62;;;
modern;1,53;;;
modern;1,28;;;
modern;12,6;;;
modern;7,78;;;
modern;15;;;
modern;8,73;;;
modern;5,89;;;
modern;8,09;;;
modern;8,11;;;
modern;10,18;;;
modern;2,07;;;
modern;5,18;;;
modern;4,47;;;
modern;1,33;;;
modern;6,66;;;
modern;3,52;;;
modern;7,09;;;
modern;7,37;;;
modern;2,63;;;
modern;2,91;;;
modern;5,79;;;
modern;1,07;;;
modern;0,77;;;
modern;6,07;;;
modern;3,6;;;
modern;3,47;;;
modern;1,53;;;
modern;12,27;;;
modern;11,89;;;
modern;2,32;;;
modern;7,48;;;
modern;8,04;;;
modern;11,41;;;
modern;8,62;;;
modern;7,58;;;
modern;2,55;;;
modern;6,51;;;
modern;5,49;;;
modern;1,91;;;
modern;13,78;;;
modern;7,32;;;
modern;3,57;;;
modern;13,75;;;
modern;3,95;;;
modern;4,82;;;
modern;6,51;;;
modern;1,81;;;
modern;1,66;;;
modern;1,79;;;
modern;6,66;;;
modern;2,02;;;
modern;1,96;;;
modern;4,06;;;
modern;5,74;;;
modern;2,19;;;
modern;71;;;
modern;73;;;
modern;121;;;
modern;58,5;;;
modern;55,4;;;
modern;82,7;;;
modern;47,3;;;
modern;99,3;;;
modern;65,4;;;
modern;81,8;;;
modern;59,2;;;
modern;6,95;;;
modern;10;;;
modern;7,95;;;
modern;32,12;;;
modern;35,41;;;
modern;11,2;;;
modern;8,2;;;
modern;6,3;;;
modern;8,3;;;
modern;6,6;;;
modern;7;;;
modern;8,9;;;
modern;50;;;
modern;3,53;;;
modern;3,36;;;
modern;3,36;;;
modern;3;;;
modern;21,1;;;
modern;13,4;;;
modern;15,4;;;
modern;19,5;;;
modern;12,9;;;
modern;6,7;;;
modern;13,4;;;
modern;4,9;;;
modern;11,8;;;
modern;12,9;;;
modern;11,8;;;
modern;8,7;;;
modern;9,77;;;
modern;5,5;;;
modern;11,7;;;
modern;22,2;;;
modern;23,6;;;
modern;6,7;;;
modern;2,6;;;
modern;11,63;;;
modern;5,58;;;
modern;3,6;;;
modern;9,8;;;
modern;5,1;;;
modern;21,6;;;
modern;12,9;;;
modern;10,3;;;
modern;10,7;;;
modern;11,07;;;
modern;11,445;;;
modern;8,7;;;
modern;15,4;;;
modern;18;;;
modern;18;;;
modern;4,622;;;
modern;4,85;;;
modern;4,912;;;
modern;6,487;;;
modern;2,528;;;
modern;2,197;;;
modern;3,047;;;
modern;3,565;;;
modern;4,539;;;
modern;4,021;;;
modern;3,876;;;
modern;2,28;;;
modern;2,425;;;
modern;2,528;;;
modern;2,694;;;
modern;3,067;;;
modern;2,321;;;
modern;2,425;;;
modern;1,907;;;
modern;2,591;;;
modern;2,383;;;
modern;6,887;;;
modern;7,216;;;
modern;6,969;;;
modern;12,124;;;
modern;8,866;;;
modern;6,144;;;
modern;2,887;;;
modern;7,093;;;
modern;11,175;;;
modern;5,856;;;
modern;7,753;;;
modern;5,32;;;
modern;7,01;;;
modern;1,691;;;
modern;2,763;;;
modern;1,361;;;
modern;1,979;;;
modern;1,567;;;
modern;2,227;;;
modern;1,814;;;
modern;1,814;;;
modern;1,278;;;
modern;2,103;;;
modern;1,098;;;
modern;0,933;;;
modern;1,005;;;
modern;0,953;;;
modern;0,788;;;
modern;1,264;;;
modern;1,482;;;
modern;0,788;;;
modern;1,067;;;
modern;1,368;;;
modern;1,109;;;
modern;1,181;;;
modern;0,912;;;
modern;0,922;;;
modern;1,617;;;
modern;0,933;;;
modern;1,627;;;
modern;0,777;;;
modern;10;;;
modern;10;;;
modern;10;;;
modern;10;;;
modern;20;;;
modern;20;;;
modern;20;;;
modern;20;;;
modern;20;;;
modern;30;;;
modern;30;;;
modern;30;;;
modern;5;;;
modern;5;;;
modern;5;;;
modern;10;;;
modern;10;;;
modern;10;;;
modern;10;;;
modern;10;;;
modern;20;;;
modern;20;;;
modern;20;;;
modern;20;;;
modern;10;;;
modern;10;;;
modern;20;;;
modern;20;;;
modern;20;;;
modern;30;;;
modern;5;;;
modern;5;;;
modern;20;;;
modern;20;;;
modern;110;;;
modern;100;;;
modern;85;;;
modern;109;;;
modern;111;;;
modern;146;;;
modern;82;;;
modern;85;;;
modern;92;;;
modern;50;;;
modern;90;;;
modern;88;;;
modern;90;;;
modern;60;;;
modern;60;;;
modern;62;;;
modern;7,7;;;
modern;8;;;
modern;7,5;;;
modern;7,5;;;
modern;7,7;;;
modern;7,5;;;
modern;7,3;;;
modern;7;;;
modern;7,1;;;
modern;7,2;;;
modern;7,1;;;
modern;7,5;;;
modern;7,6;;;
modern;7,8;;;
modern;7,5;;;
modern;6,7;;;
modern;6,4;;;
modern;6,1;;;
modern;6,7;;;
modern;6;;;
modern;6,8;;;
modern;7,7;;;
modern;8,5;;;
modern;7,9;;;
modern;7,9;;;
modern;7,8;;;
modern;7,7;;;
modern;7,5;;;
modern;7,3;;;
modern;7,2;;;
modern;8,9;;;
modern;8,4;;;
modern;8,1;;;
modern;7,9;;;
modern;7,5;;;
modern;7,5;;;
modern;5,2;;;
modern;5,1;;;
modern;5,5;;;
modern;6;;;
modern;6,1;;;
modern;5,9;;;
modern;4,4;;;
modern;4,5;;;
modern;4,1;;;
modern;3,5;;;
modern;3,4;;;
modern;3,2;;;
modern;3,8;;;
modern;3,6;;;
modern;3,3;;;
modern;5,4;;;
modern;5,6;;;
modern;5,1;;;
modern;3,8;;;
modern;4;;;
modern;3,4;;;
modern;1,2;;;
modern;1,1;;;
modern;1;;;
modern;1,3;;;
modern;1,1;;;
modern;1;;;
modern;1;;;
modern;1,1;;;
modern;1;;;
modern;1,5;;;
modern;1,6;;;
modern;1,1;;;
modern;1,1;;;
modern;1,1;;;
modern;1;;;
modern;6,1;;;
modern;6,4;;;
modern;6,1;;;
modern;6,4;;;
modern;5,6;;;
modern;6,1;;;
modern;6,5;;;
modern;6,2;;;
modern;6,3;;;
modern;7,1;;;
modern;6,6;;;
modern;6,5;;;
modern;6,5;;;
modern;6,6;;;
modern;6,1;;;
modern;4,2;;;
modern;4,4;;;
modern;4;;;
modern;4,2;;;
modern;4,1;;;
modern;4,2;;;
modern;4;;;
modern;4,3;;;
modern;4,6;;;
modern;4,8;;;
modern;4,7;;;
modern;4,8;;;
modern;4,3;;;
modern;4,1;;;
modern;4,2;;;
modern;52,47;;;
modern;34,6;;;
modern;49,06;;;
modern;38,51;;;
modern;58,4;;;
modern;56,42;;;
modern;52,18;;;
modern;30,84;;;
modern;40,56;;;
modern;25,79;;;
modern;45,92;;;
modern;47,91;;;
modern;21,06;;;
modern;14,74;;;
modern;12,3;;;
modern;7,8;;;
modern;16,82;;;
modern;19,16;;;
modern;16,72;;;
modern;10,66;;;
modern;11,52;;;
modern;4,86;;;
modern;14,04;;;
modern;15,52;;;
modern;13,78;;;
modern;9,02;;;
modern;9,7;;;
modern;6,42;;;
modern;12,74;;;
modern;13,34;;;
modern;11,78;;;
modern;3,72;;;
modern;6,68;;;
modern;3,36;;;
modern;9,88;;;
modern;12,14;;;
modern;13,75;;;
modern;7,25;;;
modern;22;;;
modern;35,75;;;
modern;122,7;;;
modern;7;;;
modern;8,6;;;
modern;10,44;;;
modern;21,83;;;
modern;105,2;;;
modern;14,1;;;
modern;12,6;;;
modern;10;;;
modern;11,2;;;
modern;7,4;;;
modern;10,9;;;
modern;15,9;;;
modern;11,9;;;
modern;13,4;;;
modern;14;;;
modern;12,6;;;
modern;12;;;
modern;8;;;
modern;12;;;
modern;9,2;;;
modern;9,5;;;
modern;14,8;;;
modern;3,5;;;
modern;5,2;;;
modern;6,9;;;
modern;2,1;;;
modern;5,8;;;
modern;5;;;
modern;2;;;
modern;2;;;
modern;1,5;;;
modern;7,8;;;
modern;0,25;;;
modern;0,49;;;
modern;0,56;;;
modern;81;;;
modern;69;;;
modern;75;;;
modern;62;;;
modern;6,65;;;
modern;6,91;;;
modern;6,88;;;
modern;6,38;;;
modern;8,24;;;
modern;4,82;;;
modern;7,33;;;
modern;7,93;;;
modern;9,36;;;
modern;8,14;;;
modern;8,14;;;
modern;6,2;;;
modern;4,72;;;
modern;4,83;;;
modern;5,82;;;
modern;4,14;;;
modern;6,75;;;
modern;6,44;;;
modern;5,26;;;
modern;5,5;;;
modern;6,19;;;
modern;18;;;
modern;37,9;;;
modern;80;;;
modern;124;;;
modern;166;;;
modern;47,1;;;
modern;45,9;;;
modern;15,7;;;
modern;48;;;
modern;63,3;;;
modern;47,2;;;
modern;14,3;;;
modern;46,8;;;
modern;94,1;;;
modern;104,5;;;
modern;21,3;;;
modern;23,1;;;
modern;24,3;;;
modern;37,2;;;
modern;22,1;;;
modern;26,4;;;
modern;79;;;
modern;82;;;
modern;5,7;;;
modern;6,8;;;
modern;7,6;;;
modern;9,5;;;
modern;8,965;;;
modern;6,235;;;
modern;3,535;;;
modern;5,89;;;
modern;13,2;;;
modern;9,3;;;
modern;8,5;;;
modern;4,054;;;
modern;4,332;;;
modern;4,332;;;
modern;3,33;;;
modern;3,386;;;
modern;4,128;;;
modern;4,24;;;
modern;4,295;;;
modern;4,481;;;
modern;4,332;;;
modern;4,073;;;
modern;4,704;;;
modern;4,851;;;
modern;4,907;;;
modern;4,796;;;
modern;3,924;;;
modern;3,59;;;
modern;4,035;;;
modern;4,276;;;
modern;4,388;;;
modern;4,499;;;
modern;5,019;;;
modern;1,82;;;
modern;2,35;;;
modern;1,93;;;
modern;3,96;;;
modern;1,71;;;
modern;2,89;;;
modern;2,57;;;
modern;4,6;;;
modern;2,57;;;
modern;4,39;;;
modern;3,43;;;
modern;6,1;;;
modern;3,85;;;
modern;6,1;;;
modern;4,5;;;
modern;7,7;;;
modern;2,688;;;
modern;2,69;;;
modern;2,577;;;
modern;2,616;;;
modern;2,313;;;
modern;2,117;;;
modern;2,812;;;
modern;2,516;;;
modern;2,498;;;
modern;2,128;;;
modern;2,653;;;
modern;2,529;;;
modern;2,659;;;
modern;2,828;;;
modern;2,477;;;
modern;2,506;;;
modern;2,775;;;
modern;2,236;;;
modern;2,426;;;
modern;1,991;;;
modern;2,112;;;
modern;2,015;;;
modern;2,07;;;
modern;2,371;;;
modern;2,088;;;
modern;2,144;;;
modern;1,772;;;
modern;7,3;;;
modern;5,8;;;
modern;6,2;;;
modern;6,4;;;
modern;5,5;;;
modern;9,4;;;
modern;9,8;;;
modern;7,8;;;
modern;9,8;;;
modern;6,2;;;
modern;7;;;
modern;8,4;;;
modern;7,5;;;
modern;8,4;;;
modern;9,1;;;
modern;9;;;
modern;10;;;
modern;8,1;;;
modern;7,5;;;
modern;8,2;;;
modern;6,7;;;
modern;8,6;;;
modern;8,1;;;
modern;7,1;;;
modern;8,7;;;
modern;7,5;;;
modern;7,5;;;
modern;7,7;;;
modern;8,6;;;
modern;9,9;;;
modern;7,5;;;
modern;8,8;;;
modern;6,7;;;
modern;8,5;;;
modern;4,8;;;
modern;10,2;;;
modern;7,1;;;
modern;9,3;;;
modern;8;;;
modern;8,3;;;
modern;7,6;;;
modern;7,3;;;
modern;7,1;;;
modern;8,2;;;
modern;9,7;;;
modern;10,1;;;
modern;9;;;
modern;8,5;;;
modern;7,7;;;
modern;6,8;;;
modern;10,1;;;
modern;9,9;;;
modern;9,2;;;
modern;12;;;
modern;9,1;;;
modern;7,6;;;
modern;9,9;;;
modern;8,4;;;
modern;10;;;
modern;8,3;;;
modern;7,3;;;
modern;8;;;
modern;9;;;
modern;9,2;;;
modern;8,4;;;
modern;11,4;;;
modern;10,5;;;
modern;10,8;;;
modern;10,1;;;
modern;7,3;;;
modern;9,4;;;
modern;9,5;;;
modern;10,4;;;
modern;8,9;;;
modern;8,9;;;
modern;7,5;;;
modern;7;;;
modern;7,3;;;
modern;9,5;;;
modern;8;;;
modern;9;;;
modern;9,1;;;
modern;10;;;
modern;11,9;;;
modern;9,9;;;
modern;13,3;;;
modern;9,9;;;
modern;11,1;;;
modern;10,7;;;
modern;12,5;;;
modern;9,6;;;
modern;10,7;;;
modern;15,4;;;
modern;10,9;;;
modern;9,2;;;
modern;8,4;;;
modern;8,9;;;
modern;10;;;
modern;8,4;;;
modern;10,8;;;
modern;10,5;;;
modern;7,5;;;
modern;10,6;;;
modern;9,7;;;
modern;9,3;;;
modern;8,7;;;
modern;9,5;;;
modern;7;;;
modern;8,3;;;
modern;7,3;;;
modern;8,7;;;
modern;7,5;;;
modern;8,5;;;
modern;8,5;;;
modern;10,2;;;
modern;8,8;;;
modern;7;;;
modern;7;;;
modern;6,6;;;
modern;6;;;
modern;6,5;;;
modern;8,2;;;
modern;7,2;;;
modern;8,7;;;
modern;8,2;;;
modern;7,6;;;
modern;9,9;;;
modern;8,4;;;
modern;10;;;
modern;8,3;;;
modern;7,3;;;
modern;8;;;
modern;9;;;
modern;9,2;;;
modern;8,4;;;
modern;11,4;;;
modern;10,5;;;
modern;10,8;;;
modern;10,1;;;
modern;7,3;;;
modern;9,4;;;
modern;9,5;;;
modern;10,4;;;
modern;8,9;;;
modern;8,9;;;
modern;7,5;;;
modern;7;;;
modern;7,3;;;
modern;9,5;;;
modern;8;;;
modern;7,1;;;
modern;9,1;;;
modern;7,2;;;
modern;8,8;;;
modern;7;;;
modern;6,8;;;
modern;7,9;;;
modern;7,7;;;
modern;8,4;;;
modern;7,8;;;
modern;8,4;;;
modern;0,17;;;
modern;0,31;;;
modern;58,1;;;
modern;41,5;;;
modern;19,3;;;
modern;43,3;;;
modern;25,1;;;
modern;16,3;;;
modern;12,1;;;
modern;17,8;;;
modern;0,1;;;
modern;0,046;;;
modern;0,079;;;
modern;0,077;;;
modern;0,121;;;
modern;0,078;;;
modern;0,095;;;
modern;0,093;;;
modern;0,084;;;
modern;0,104;;;
modern;0,008;;;
modern;0,084;;;
modern;0,086;;;
modern;0,096;;;
modern;0,074;;;
modern;0,089;;;
modern;146;;;
modern;110;;;
modern;125;;;
modern;90;;;
modern;85;;;
modern;60;;;
modern;80;;;
modern;55;;;
modern;65;;;
modern;5,78;;;
modern;3,52;;;
modern;4;;;
modern;4,2;;;
modern;4,8;;;
modern;4,33;;;
modern;71;;;
modern;113;;;
modern;135;;;
modern;282;;;
modern;142;;;
modern;333;;;
modern;3,98;;;
modern;10,04;;;
modern;15,26;;;
modern;2,62;;;
modern;1,732;;;
modern;1,056;;;
modern;2,095;;;
modern;1,274;;;
modern;0,441;;;
modern;1,406;;;
modern;0,561;;;
modern;2,065;;;
modern;1,909;;;
modern;3,097;;;
modern;1,785;;;
modern;2,245;;;
modern;1,928;;;
modern;4,43;;;
modern;3,43;;;
modern;4,47;;;
modern;3,57;;;
modern;0,86;;;
modern;1,16;;;
modern;0,92;;;
modern;0,9;;;
modern;0,95;;;
modern;1,15;;;
modern;0,79;;;
modern;1;;;
modern;5,9;;;
modern;8,8;;;
modern;6,68;;;
modern;6,68;;;
modern;4,28;;;
modern;4,79;;;
modern;2,14;;;
modern;5,09;;;
modern;4,82;;;
modern;1,7;;;
modern;1,86;;;
modern;4,74;;;
modern;1,54;;;
modern;4,83;;;
modern;4,83;;;
modern;1,63;;;
modern;6,68;;;
modern;4,82;;;
modern;1,7;;;
modern;1,63;;;
modern;4,83;;;
modern;16,1;;;
modern;15,4;;;
modern;13,5;;;
modern;16;;;
modern;13,7;;;
modern;16,2;;;
modern;14;;;
modern;14;;;
modern;16,3;;;
modern;16;;;
modern;11,7;;;
modern;13,5;;;
modern;13,8;;;
modern;3,53;;;
modern;4,33;;;
modern;3,58;;;
modern;4,81;;;
modern;2,95;;;
modern;3,63;;;
modern;3,83;;;
modern;4,09;;;
modern;2,79;;;
modern;4,41;;;
modern;3,16;;;
modern;2,94;;;
modern;0,16;;;
modern;0,0075;;;
modern;0,114;;;
modern;0,121;;;
modern;6,1;;;
modern;9,9;;;
modern;10,4;;;
modern;9,6;;;
modern;8,3;;;
modern;3,5;;;
modern;29,8;;;
modern;34,6;;;
modern;31,7;;;
modern;34,8;;;
modern;15,3;;;
modern;11,7;;;
modern;10,5;;;
modern;6,2;;;
modern;8,4;;;
modern;7;;;
modern;7,6;;;
modern;7,5;;;
modern;4,5;;;
modern;21,3;;;
modern;13,8;;;
modern;2,545;;;
modern;2,66;;;
modern;3,069;;;
modern;2,124;;;
modern;1,952;;;
modern;2,494;;;
modern;2,667;;;
modern;1,818;;;
modern;2,348;;;
modern;0,6;;;
modern;0,4;;;
modern;0,4;;;
modern;0,5;;;
modern;0,5;;;
modern;0,5;;;
modern;0,7;;;
modern;0,7;;;
modern;12,7;;;
modern;20,6;;;
modern;15,8;;;
modern;23;;;
modern;20,7;;;
modern;16,3;;;
modern;18,5;;;
modern;18;;;
modern;17,1;;;
modern;20,5;;;
modern;16,3;;;
modern;53,1;;;
modern;66,8;;;
modern;38;;;
modern;43,8;;;
modern;41,2;;;
modern;52,1;;;
modern;30,8;;;
modern;31,5;;;
modern;44,6;;;
modern;34,2;;;
modern;9,5;;;
modern;18,7;;;
modern;5,76;;;
modern;8,3;;;
modern;9,6;;;
modern;0,8;;;
modern;11,9;;;
modern;1,19;;;
modern;1,15;;;
modern;69;;;
modern;6,1;;;
modern;12,1;;;
modern;7,9;;;
modern;11,2;;;
modern;7,5;;;
modern;3;;;
modern;3,7;;;
modern;28,2;;;
modern;27,5;;;
modern;28,1;;;
modern;26,6;;;
modern;22,33;;;
modern;13,375;;;
modern;15,232;;;
modern;8,731;;;
modern;5,062;;;
modern;3,019;;;
modern;6,78;;;
modern;7,384;;;
modern;4,18;;;
modern;2,33;;;
modern;17,1;;;
modern;8,05;;;
modern;1,6;;;
modern;1,6;;;
modern;4,1;;;
modern;4,6;;;
modern;3,4;;;
modern;3,25;;;
modern;3,2;;;
modern;4,5;;;
modern;3,4;;;
modern;2,9;;;
modern;1,5;;;
modern;1,6;;;
modern;1,8;;;
modern;1,7;;;
modern;1,3;;;
modern;8,3;;;
modern;5,4;;;
modern;6,3;;;
modern;6,5;;;
modern;7,6;;;
modern;8,9;;;
modern;8,9;;;
modern;7,4;;;
modern;3,4;;;
modern;7,4;;;
modern;4,4;;;
modern;4,9;;;
modern;8,3;;;
modern;7,4;;;
modern;2,4;;;
modern;2,8;;;
modern;3,4;;;
modern;2;;;
modern;2,5;;;
modern;1,8;;;
modern;2,5;;;
modern;1,8;;;
modern;1,5;;;
modern;1,5;;;
modern;2,2;;;
modern;0,7;;;
modern;7,8;;;
modern;6,8;;;
modern;9,2;;;
modern;9,3;;;
modern;8,3;;;
modern;8,3;;;
modern;7,2;;;
modern;8,8;;;
modern;4,3;;;
modern;10,2;;;
modern;5,4;;;
modern;3,9;;;
modern;2,5;;;
modern;2,2;;;
modern;1,5;;;
modern;2,3;;;
modern;2,2;;;
modern;1,4;;;
modern;10,7;;;
modern;11,9;;;
modern;6,5;;;
modern;6,1;;;
modern;7,5;;;
modern;1,9;;;
modern;3,1;;;
modern;2,5;;;
modern;1,5;;;
modern;2,6;;;
modern;2,5;;;
modern;2,3;;;
modern;3,1;;;
modern;1,8;;;
modern;138,5;;;
modern;57,81;;;
modern;20,9;;;
modern;22,4;;;
modern;16,7;;;
modern;23,6;;;
modern;12,4;;;
modern;14;;;
modern;49,4;;;
modern;2,6;;;
modern;3,4;;;
modern;4,6;;;
modern;3,3;;;
modern;2,9;;;
modern;2,8;;;
modern;2,7;;;
modern;2,5;;;
modern;16,1;;;
modern;10,5;;;
modern;16,7;;;
modern;4,68;;;
modern;3,18;;;
modern;2,98;;;
modern;1,8;;;
modern;3,4;;;
modern;2,5;;;
modern;2,1;;;
modern;1,7;;;
modern;1,7;;;
modern;1,6;;;
modern;1,4;;;
modern;4,1;;;
modern;3,9;;;
modern;3,8;;;
modern;4,3;;;
modern;6,4;;;
modern;6,8;;;
modern;30,98861538;;;
modern;31,64861538;;;
modern;24,31292308;;;
modern;23,32430769;;;
modern;18,87323077;;;
modern;19,28584615;;;
modern;23,81907692;;;
modern;16,31907692;;;
modern;20,68707692;;;
modern;19,12061538;;;
modern;15,08215385;;;
modern;16,31907692;;;
modern;23,02;;;
modern;22,52;;;
modern;22,13;;;
modern;23,76;;;
modern;21,83;;;
modern;18,27;;;
modern;23,91;;;
modern;18,76;;;
modern;20,5;;;
modern;16,73;;;
modern;14,16;;;
modern;0,629;;;
modern;0,621;;;
modern;0,826;;;
modern;0,301;;;
modern;0,39;;;
modern;0,46;;;
modern;30,8;;;
modern;9,6;;;
modern;19,2;;;
modern;16,3;;;
modern;13,634;;;
modern;13,634;;;
modern;22,222;;;
modern;12,372;;;
modern;14,895;;;
modern;13,333;;;
modern;4,625;;;
modern;4,805;;;
modern;3,423;;;
modern;18,236;;;
modern;20,014;;;
modern;5,66;;;
modern;3;;;
modern;3,4;;;
modern;4,9;;;
modern;0,6;;;
modern;1;;;
modern;1,8;;;
modern;2,1;;;
modern;1,6;;;
modern;1,3;;;
modern;19,21;;;
modern;17,08;;;
modern;16,83;;;
modern;21,59;;;
modern;15,31;;;
modern;16,1;;;
modern;19,11;;;
modern;15,42;;;
modern;0,15;;;
modern;0,25;;;
modern;0,13;;;
modern;0,1;;;
modern;0,15;;;
modern;0,21;;;
modern;0,3;;;
modern;0,17;;;
modern;0,36;;;
modern;0,32;;;
modern;0,32;;;
modern;0,4;;;
modern;0,46;;;
modern;0,24;;;
modern;0,16;;;
modern;0,1;;;
modern;0,33;;;
modern;0,28;;;
modern;0,42;;;
modern;0,38;;;
modern;0,53;;;
modern;0,62;;;
modern;0,48;;;
modern;0,37;;;
modern;4,3;;;
modern;3,5;;;
modern;1,3;;;
modern;3,7;;;
modern;4,6;;;
modern;7,6;;;
modern;0,9;;;
modern;7;;;
modern;6,8;;;
modern;8,3;;;
modern;5,8;;;
modern;6,3;;;
modern;7,3;;;
modern;8,5;;;
modern;15,04;;;
modern;6,28;;;
modern;5,8;;;
modern;4,75;;;
modern;15,2;;;
modern;11,2;;;
modern;8;;;
modern;9;;;
modern;19;;;
modern;15;;;
modern;12;;;
modern;14;;;
modern;13;;;
modern;9,17;;;
modern;9,95;;;
modern;10,41;;;
modern;9,69;;;
modern;6,54;;;
modern;2,06;;;
modern;1,56;;;
modern;3,5;;;
modern;8,4;;;
modern;3;;;
modern;7,9;;;
modern;6,34;;;
modern;4,36;;;
modern;4,75;;;
modern;11,2;;;
modern;7,2;;;
modern;53,3;;;
modern;62,9;;;
modern;37,6;;;
modern;58,5;;;
modern;24;;;
modern;32,4;;;
modern;52,8;;;
modern;2;;;
modern;6,3;;;
modern;1,8;;;
modern;18,7;;;
modern;7,4;;;
modern;14,8;;;
modern;22,5;;;
modern;21,9;;;
modern;20,9;;;
modern;23,2;;;
modern;21,9;;;
modern;18;;;
modern;23,2;;;
modern;18,4;;;
modern;20,2;;;
modern;16,3;;;
modern;13,7;;;
modern;4,8;;;
modern;5,4;;;
modern;5,9;;;
modern;6,34;;;
modern;6,5;;;
modern;6,51;;;
modern;6,6;;;
modern;7;;;
modern;7,39;;;
modern;7,48;;;
modern;7,6;;;
modern;8;;;
modern;9,24;;;
modern;9,24;;;
modern;12;;;
modern;12,2;;;
modern;17,88;;;
modern;22,4;;;
modern;30,8;;;
modern;34,95;;;
modern;37,6;;;
modern;38,6;;;
modern;40,15;;;
modern;52,65;;;
modern;17,7;;;
modern;13,25;;;
modern;52,2;;;
modern;39,95;;;
modern;65,5;;;
modern;8,55;;;
modern;8,76;;;
modern;12,85;;;
modern;7,6;;;
modern;10,4;;;
modern;18,8;;;
modern;9,9;;;
modern;10,7;;;
modern;13,3;;;
modern;3;;;
modern;13;;;
modern;104,2;;;
modern;32,5;;;
modern;105,2;;;
modern;123,6;;;
modern;62,5;;;
modern;1,22;;;
modern;4,07;;;
modern;4,33;;;
modern;5,63;;;
modern;6,34;;;
modern;6,45;;;
modern;7,47;;;
modern;7,85;;;
modern;71;;;
modern;102;;;
modern;22;;;
modern;25;;;
modern;4,6;;;
modern;5,7;;;
modern;7,1;;;
modern;7,3;;;
modern;10,8;;;
modern;11,6;;;
modern;11,6;;;
modern;13,9;;;
modern;14;;;
modern;14,5;;;
modern;14,8;;;
modern;16,4;;;
modern;4,7;;;
modern;10,1;;;
modern;1,49;;;
modern;9,6;;;
modern;23,7;;;
modern;66,7;;;
modern;93,2;;;
modern;45;;;
modern;5,9;;;
modern;10,3;;;
modern;17,2;;;
modern;8,6;;;
modern;11,8;;;
modern;11;;;
modern;13,1;;;
modern;50,4;;;
modern;23;;;
modern;7,1;;;
modern;7,8;;;
modern;4,25;;;
modern;65;;;
modern;111,2;;;
modern;20;;;
modern;47;;;
modern;88;;;
modern;8;;;
modern;24;;;
modern;9,76;;;
modern;3;;;
modern;4;;;
modern;4,5;;;
modern;4,5;;;
modern;4,5;;;
modern;4,5;;;
modern;5,5;;;
modern;6;;;
modern;6,5;;;
modern;7,8;;;
modern;8;;;
modern;42;;;
modern;13,3;;;
modern;9,6;;;
modern;14,7;;;
modern;19,4;;;
modern;52,8;;;
modern;111,54;;;
modern;120,96;;;
modern;88;;;
modern;109;;;
modern;166;;;
modern;110;;;
modern;19,9;;;
modern;7,66;;;
modern;8,13;;;
modern;5,3;;;
modern;7;;;
modern;15,4;;;
modern;18,4;;;
modern;20;;;
modern;12;;;
modern;10,5;;;
modern;3,5;;;
modern;3,02;;;
modern;8,02;;;
modern;10,81;;;
modern;11,57;;;
modern;11,6;;;
modern;13,49;;;
modern;2;;;
modern;2,5;;;
modern;5,6;;;
modern;7,2;;;
modern;13;;;
modern;3,33;;;
modern;3,71;;;
modern;6,6;;;
modern;8,8;;;
modern;12,4;;;
modern;2,3;;;
modern;3,46;;;
modern;3,5;;;
modern;4,02;;;
modern;4,1;;;
modern;4,8;;;
modern;5,25;;;
modern;5,6;;;
modern;5,9;;;
modern;6,8;;;
modern;7,2;;;
modern;7,2;;;
modern;7,56;;;
modern;8;;;
modern;8;;;
modern;8,1;;;
modern;8,3;;;
modern;8,9;;;
modern;9,1;;;
modern;9,5;;;
modern;10,1;;;
modern;10,4;;;
modern;11;;;
modern;11,3;;;
modern;11,7;;;
modern;12,6;;;
modern;15;;;
modern;17,73;;;
modern;4,45;;;
modern;9,75;;;
modern;1,08;;;
modern;0,96;;;
modern;1,12;;;
modern;1,15;;;
modern;1,17;;;
modern;2;;;
modern;5,5;;;
modern;6;;;
modern;13;;;
modern;33,6;;;
modern;37;;;
modern;39,6;;;
modern;45;;;
modern;45;;;
modern;145;;;
modern;13,45;;;
modern;3,25;;;
modern;1,9;;;
modern;6,75;;;
modern;8,75;;;
modern;6,4;;;
modern;14,15;;;
modern;15,9;;;
modern;25;;;
modern;32,5;;;
modern;48;;;
modern;42,5;;;
modern;118,5;;;
modern;136,5;;;
modern;127,5;;;
